"","frequency","words"
"1",347,"syria"
"2",281,"syrian"
"3",201,"government"
"4",185,"turkey"
"5",179,"isil"
"6",173,"state"
"7",148,"iraq"
"8",139,"forces"
"9",128,"war"
"10",127,"afrin"
"11",125,"people"
"12",117,"group"
"13",117,"ypg"
"14",115,"assad"
"15",115,"military"
"16",109,"fighters"
"17",103,"israel"
"18",103,"turkish"
"19",99,"will"
"20",98,"killed"
"21",97,"groups"
"22",95,"country"
"23",95,"president"
"24",91,"known"
"25",90,"news"
"26",89,"kurdish"
"27",85,"one"
"28",83,"since"
"29",82,"armed"
"30",79,"two"
"31",78,"russia"
"32",78,"words"
"33",78,"year"
"34",77,"attacks"
"35",77,"isis"
"36",77,"islamic"
"37",75,"air"
"38",73,"document"
"39",72,"levant"
"40",68,"iran"
"41",67,"attack"
"42",67,"eastern"
"43",66,"children"
"44",65,"security"
"45",63,"qatar"
"46",61,"international"
"47",61,"support"
"48",60,"fighting"
"49",59,"according"
"50",59,"ghouta"
"51",58,"told"
"52",57,"first"
"53",57,"operation"
"54",56,"army"
"55",56,"trump"
"56",55,"last"
"57",55,"taliban"
"58",53,"foreign"
"59",52,"backed"
"60",52,"israeli"
"61",51,"control"
"62",50,"years"
"63",48,"afghanistan"
"64",47,"city"
"65",47,"fight"
"66",46,"province"
"67",46,"rebel"
"68",45,"region"
"69",44,"agency"
"70",44,"back"
"71",44,"least"
"72",43,"january"
"73",43,"russian"
"74",42,"border"
"75",42,"civilians"
"76",42,"led"
"77",42,"political"
"78",42,"regime"
"79",42,"says"
"80",41,"including"
"81",41,"many"
"82",41,"now"
"83",40,"launched"
"84",40,"united"
"85",39,"countries"
"86",39,"peace"
"87",38,"can"
"88",38,"conflict"
"89",38,"held"
"90",38,"pkk"
"91",37,"afghan"
"92",37,"capital"
"93",37,"coalition"
"94",37,"kabul"
"95",37,"northern"
"96",37,"party"
"97",36,"arab"
"98",36,"called"
"99",36,"conference"
"100",36,"media"
"101",36,"tillerson"
"102",35,"civil"
"103",35,"damascus"
"104",35,"iranian"
"105",35,"members"
"106",35,"new"
"107",35,"right"
"108",34,"east"
"109",34,"idlib"
"110",34,"near"
"111",34,"saudi"
"112",34,"states"
"113",33,"far"
"114",33,"million"
"115",33,"pro"
"116",33,"women"
"117",32,"areas"
"118",32,"day"
"119",32,"opposition"
"120",32,"several"
"121",32,"world"
"122",31,"area"
"123",31,"articleguid"
"124",31,"later"
"125",31,"officials"
"126",31,"saturday"
"127",31,"sdf"
"128",31,"well"
"129",30,"ankara"
"130",30,"anti"
"131",30,"human"
"132",30,"minister"
"133",30,"official"
"134",30,"rights"
"135",29,"democratic"
"136",29,"even"
"137",29,"part"
"138",29,"resolution"
"139",29,"statement"
"140",29,"still"
"141",29,"troops"
"142",28,"ghani"
"143",28,"kuwait"
"144",28,"northwestern"
"145",28,"rebels"
"146",28,"refugees"
"147",28,"southern"
"148",28,"talks"
"149",28,"three"
"150",28,"tunisian"
"151",28,"want"
"152",27,"council"
"153",27,"end"
"154",27,"hts"
"155",27,"raids"
"156",27,"sham"
"157",27,"terrorist"
"158",27,"time"
"159",26,"ceasefire"
"160",26,"civilian"
"161",26,"local"
"162",26,"qaeda"
"163",26,"reported"
"164",26,"solution"
"165",26,"way"
"166",25,"arabia"
"167",25,"claimed"
"168",25,"libya"
"169",25,"long"
"170",25,"month"
"171",25,"process"
"172",25,"recent"
"173",25,"reports"
"174",25,"return"
"175",25,"say"
"176",25,"saying"
"177",25,"use"
"178",24,"among"
"179",24,"borders"
"180",24,"help"
"181",24,"operations"
"182",24,"power"
"183",23,"bombing"
"184",23,"earlier"
"185",23,"efforts"
"186",23,"four"
"187",23,"hezbollah"
"188",23,"humanitarian"
"189",23,"major"
"190",23,"monday"
"191",23,"much"
"192",23,"response"
"193",23,"soldiers"
"194",23,"violence"
"195",22,"aid"
"196",22,"along"
"197",22,"bashar"
"198",22,"began"
"199",22,"chemical"
"200",22,"fsa"
"201",22,"large"
"202",22,"late"
"203",22,"offensive"
"204",22,"police"
"205",22,"protection"
"206",22,"used"
"207",22,"weapons"
"208",22,"within"
"209",21,"accused"
"210",21,"across"
"211",21,"ally"
"212",21,"campaign"
"213",21,"crisis"
"214",21,"decision"
"215",21,"europe"
"216",21,"general"
"217",21,"jabhat"
"218",21,"nato"
"219",21,"percent"
"220",21,"policy"
"221",21,"presence"
"222",21,"pyd"
"223",21,"secretary"
"224",21,"thursday"
"225",21,"took"
"226",21,"tuesday"
"227",21,"week"
"228",20,"actors"
"229",20,"allies"
"230",20,"another"
"231",20,"around"
"232",20,"defence"
"233",20,"erdogan"
"234",20,"iraqi"
"235",20,"killing"
"236",20,"militia"
"237",20,"non"
"238",20,"office"
"239",20,"situation"
"240",20,"social"
"241",20,"south"
"242",20,"suicide"
"243",19,"attacked"
"244",19,"casualties"
"245",19,"come"
"246",19,"continue"
"247",19,"deal"
"248",19,"former"
"249",19,"hit"
"250",19,"hundreds"
"251",19,"leader"
"252",19,"main"
"253",19,"member"
"254",19,"national"
"255",19,"number"
"256",19,"palestinians"
"257",19,"spokesman"
"258",19,"take"
"259",19,"town"
"260",19,"union"
"261",19,"washington"
"262",18,"abu"
"263",18,"based"
"264",18,"carried"
"265",18,"cities"
"266",18,"following"
"267",18,"free"
"268",18,"however"
"269",18,"left"
"270",18,"like"
"271",18,"regional"
"272",18,"report"
"273",18,"role"
"274",18,"senior"
"275",18,"stop"
"276",18,"syrians"
"277",18,"thousands"
"278",18,"uae"
"279",18,"wounded"
"280",17,"activists"
"281",17,"address"
"282",17,"alliance"
"283",17,"asked"
"284",17,"chief"
"285",17,"despite"
"286",17,"displaced"
"287",17,"escalation"
"288",17,"european"
"289",17,"front"
"290",17,"ground"
"291",17,"gulf"
"292",17,"latest"
"293",17,"law"
"294",17,"made"
"295",17,"majority"
"296",17,"meeting"
"297",17,"middle"
"298",17,"muslim"
"299",17,"nearly"
"300",17,"netanyahu"
"301",17,"ongoing"
"302",17,"palestinian"
"303",17,"prime"
"304",17,"reconstruction"
"305",17,"siege"
"306",17,"strategy"
"307",17,"sunday"
"308",17,"today"
"309",16,"added"
"310",16,"american"
"311",16,"branch"
"312",16,"failed"
"313",16,"fighter"
"314",16,"fought"
"315",16,"home"
"316",16,"injured"
"317",16,"inside"
"318",16,"islam"
"319",16,"may"
"320",16,"ministry"
"321",16,"move"
"322",16,"nusra"
"323",16,"old"
"324",16,"others"
"325",16,"relations"
"326",16,"six"
"327",16,"special"
"328",16,"ties"
"329",16,"without"
"330",15,"anadolu"
"331",15,"attempt"
"332",15,"authorities"
"333",15,"bank"
"334",15,"bin"
"335",15,"calling"
"336",15,"came"
"337",15,"crimes"
"338",15,"decades"
"339",15,"duterte"
"340",15,"going"
"341",15,"homes"
"342",15,"lives"
"343",15,"make"
"344",15,"mehsud"
"345",15,"north"
"346",15,"pledged"
"347",15,"protests"
"348",15,"reporters"
"349",15,"reuters"
"350",15,"second"
"351",15,"seen"
"352",15,"seven"
"353",15,"targeted"
"354",15,"targets"
"355",15,"territory"
"356",15,"terrorists"
"357",15,"units"
"358",15,"victims"
"359",15,"yemen"
"360",14,"aden"
"361",14,"ago"
"362",14,"aleppo"
"363",14,"amid"
"364",14,"become"
"365",14,"communist"
"366",14,"continued"
"367",14,"days"
"368",14,"direct"
"369",14,"drone"
"370",14,"expressed"
"371",14,"family"
"372",14,"gaddafi"
"373",14,"get"
"374",14,"lebanon"
"375",14,"line"
"376",14,"needed"
"377",14,"parties"
"378",14,"protect"
"379",14,"shot"
"380",14,"spring"
"381",14,"twitter"
"382",14,"yet"
"383",13,"adding"
"384",13,"airspace"
"385",13,"clear"
"386",13,"community"
"387",13,"death"
"388",13,"december"
"389",13,"department"
"390",13,"difficult"
"391",13,"donald"
"392",13,"enclave"
"393",13,"expected"
"394",13,"future"
"395",13,"given"
"396",13,"half"
"397",13,"indigenous"
"398",13,"jerusalem"
"399",13,"joined"
"400",13,"know"
"401",13,"months"
"402",13,"naqeebullah"
"403",13,"nations"
"404",13,"never"
"405",13,"nothing"
"406",13,"place"
"407",13,"poverty"
"408",13,"red"
"409",13,"reportedly"
"410",13,"responsibility"
"411",13,"returned"
"412",13,"rule"
"413",13,"see"
"414",13,"self"
"415",13,"stronghold"
"416",13,"supported"
"417",13,"taken"
"418",13,"terrorism"
"419",13,"using"
"420",13,"wednesday"
"421",13,"west"
"422",13,"western"
"423",13,"white"
"424",13,"workers"
"425",12,"able"
"426",12,"agencies"
"427",12,"agreement"
"428",12,"bahrain"
"429",12,"battle"
"430",12,"blockade"
"431",12,"china"
"432",12,"concerns"
"433",12,"continues"
"434",12,"district"
"435",12,"don"
"436",12,"effort"
"437",12,"fateh"
"438",12,"fear"
"439",12,"force"
"440",12,"geneva"
"441",12,"high"
"442",12,"intervention"
"443",12,"involved"
"444",12,"involvement"
"445",12,"israelis"
"446",12,"kurdistan"
"447",12,"leading"
"448",12,"mattis"
"449",12,"meanwhile"
"450",12,"mistura"
"451",12,"money"
"452",12,"nauert"
"453",12,"olive"
"454",12,"organisation"
"455",12,"pakistan"
"456",12,"real"
"457",12,"remains"
"458",12,"set"
"459",12,"sheikh"
"460",12,"speaking"
"461",12,"summit"
"462",12,"think"
"463",12,"tunisia"
"464",12,"wanted"
"465",12,"waziristan"
"466",12,"work"
"467",11,"action"
"468",11,"announced"
"469",11,"baghdadi"
"470",11,"case"
"471",11,"controlled"
"472",11,"deaths"
"473",11,"denied"
"474",11,"diplomatic"
"475",11,"dominated"
"476",11,"dozens"
"477",11,"economic"
"478",11,"embassy"
"479",11,"estimated"
"480",11,"ethnic"
"481",11,"five"
"482",11,"forced"
"483",11,"freedom"
"484",11,"give"
"485",11,"head"
"486",11,"imposed"
"487",11,"influence"
"488",11,"jet"
"489",11,"largest"
"490",11,"leaders"
"491",11,"life"
"492",11,"meet"
"493",11,"mission"
"494",11,"mtm"
"495",11,"needs"
"496",11,"oil"
"497",11,"outside"
"498",11,"person"
"499",11,"point"
"500",11,"population"
"501",11,"reach"
"502",11,"rebuild"
"503",11,"reporting"
"504",11,"safe"
"505",11,"sana"
"506",11,"sent"
"507",11,"spokesperson"
"508",11,"targeting"
"509",11,"tensions"
"510",11,"trying"
"511",11,"uprising"
"512",11,"warned"
"513",10,"achieve"
"514",10,"actions"
"515",10,"aksoy"
"516",10,"alleged"
"517",10,"already"
"518",10,"america"
"519",10,"april"
"520",10,"avoid"
"521",10,"bases"
"522",10,"beyond"
"523",10,"call"
"524",10,"casapound"
"525",10,"cavusoglu"
"526",10,"change"
"527",10,"child"
"528",10,"controls"
"529",10,"donors"
"530",10,"egypt"
"531",10,"eight"
"532",10,"elsewhere"
"533",10,"emir"
"534",10,"factions"
"535",10,"father"
"536",10,"friday"
"537",10,"fund"
"538",10,"incident"
"539",10,"issues"
"540",10,"jordan"
"541",10,"just"
"542",10,"khan"
"543",10,"legitimate"
"544",10,"met"
"545",10,"next"
"546",10,"past"
"547",10,"pentagon"
"548",10,"played"
"549",10,"post"
"550",10,"prison"
"551",10,"putin"
"552",10,"qatari"
"553",10,"refugee"
"554",10,"responsible"
"555",10,"run"
"556",10,"sides"
"557",10,"small"
"558",10,"son"
"559",10,"stand"
"560",10,"started"
"561",10,"successful"
"562",10,"supporting"
"563",10,"tens"
"564",10,"towards"
"565",10,"victory"
"566",10,"visit"
"567",9,"affairs"
"568",9,"alternative"
"569",9,"article"
"570",9,"believe"
"571",9,"ben"
"572",9,"bloody"
"573",9,"bring"
"574",9,"building"
"575",9,"calls"
"576",9,"cia"
"577",9,"citizens"
"578",9,"cross"
"579",9,"defectors"
"580",9,"defend"
"581",9,"deir"
"582",9,"delivered"
"583",9,"deputy"
"584",9,"doha"
"585",9,"dozen"
"586",9,"enter"
"587",9,"explained"
"588",9,"fire"
"589",9,"found"
"590",9,"france"
"591",9,"full"
"592",9,"husband"
"593",9,"instead"
"594",9,"issue"
"595",9,"july"
"596",9,"lack"
"597",9,"leadership"
"598",9,"letter"
"599",9,"limited"
"600",9,"longer"
"601",9,"mother"
"602",9,"movement"
"603",9,"muslims"
"604",9,"must"
"605",9,"nasir"
"606",9,"negotiations"
"607",9,"offer"
"608",9,"previous"
"609",9,"protest"
"610",9,"public"
"611",9,"question"
"612",9,"rahman"
"613",9,"raqqa"
"614",9,"rejected"
"615",9,"remain"
"616",9,"repeatedly"
"617",9,"residents"
"618",9,"result"
"619",9,"rex"
"620",9,"russians"
"621",9,"seeking"
"622",9,"severe"
"623",9,"significant"
"624",9,"stated"
"625",9,"struggle"
"626",9,"supplies"
"627",9,"suspected"
"628",9,"taking"
"629",9,"threat"
"630",9,"views"
"631",9,"weeks"
"632",9,"whether"
"633",9,"young"
"634",9,"zor"
"635",8,"act"
"636",8,"active"
"637",8,"administration"
"638",8,"affiliate"
"639",8,"afghans"
"640",8,"allied"
"641",8,"author"
"642",8,"better"
"643",8,"camps"
"644",8,"car"
"645",8,"claiming"
"646",8,"claims"
"647",8,"close"
"648",8,"comments"
"649",8,"committee"
"650",8,"concern"
"651",8,"confrontation"
"652",8,"convoy"
"653",8,"course"
"654",8,"daily"
"655",8,"destroyed"
"656",8,"developments"
"657",8,"done"
"658",8,"entered"
"659",8,"facing"
"660",8,"families"
"661",8,"food"
"662",8,"formed"
"663",8,"gas"
"664",8,"governments"
"665",8,"hama"
"666",8,"hard"
"667",8,"hours"
"668",8,"idea"
"669",8,"immediate"
"670",8,"include"
"671",8,"italy"
"672",8,"jaish"
"673",8,"list"
"674",8,"making"
"675",8,"map"
"676",8,"means"
"677",8,"medical"
"678",8,"name"
"679",8,"need"
"680",8,"november"
"681",8,"open"
"682",8,"organisations"
"683",8,"positions"
"684",8,"previously"
"685",8,"programme"
"686",8,"provide"
"687",8,"put"
"688",8,"raid"
"689",8,"ready"
"690",8,"reality"
"691",8,"rebuilding"
"692",8,"recep"
"693",8,"released"
"694",8,"risk"
"695",8,"sabah"
"696",8,"sectarian"
"697",8,"shooting"
"698",8,"shows"
"699",8,"side"
"700",8,"sinai"
"701",8,"sochi"
"702",8,"sought"
"703",8,"stance"
"704",8,"strategic"
"705",8,"suburb"
"706",8,"target"
"707",8,"tayyip"
"708",8,"thing"
"709",8,"throughout"
"710",8,"together"
"711",8,"tribal"
"712",8,"unity"
"713",8,"wants"
"714",8,"whole"
"715",7,"aggression"
"716",7,"ahrar"
"717",7,"aimed"
"718",7,"analyst"
"719",7,"antonio"
"720",7,"asian"
"721",7,"ask"
"722",7,"assault"
"723",7,"asylum"
"724",7,"away"
"725",7,"became"
"726",7,"biggest"
"727",7,"bombardment"
"728",7,"bombings"
"729",7,"british"
"730",7,"carry"
"731",7,"cases"
"732",7,"caused"
"733",7,"causing"
"734",7,"clashes"
"735",7,"confirmed"
"736",7,"corruption"
"737",7,"court"
"738",7,"currently"
"739",7,"dangerous"
"740",7,"deadly"
"741",7,"deeply"
"742",7,"defeat"
"743",7,"demands"
"744",7,"development"
"745",7,"died"
"746",7,"director"
"747",7,"discuss"
"748",7,"domestic"
"749",7,"envoy"
"750",7,"every"
"751",7,"explosion"
"752",7,"favour"
"753",7,"focus"
"754",7,"follow"
"755",7,"formation"
"756",7,"gave"
"757",7,"germany"
"758",7,"golan"
"759",7,"guterres"
"760",7,"hamad"
"761",7,"heights"
"762",7,"hope"
"763",7,"houthi"
"764",7,"infrastructure"
"765",7,"inquiry"
"766",7,"intervened"
"767",7,"interview"
"768",7,"italian"
"769",7,"joint"
"770",7,"june"
"771",7,"kill"
"772",7,"kurds"
"773",7,"land"
"774",7,"leave"
"775",7,"likely"
"776",7,"live"
"777",7,"loose"
"778",7,"man"
"779",7,"men"
"780",7,"moscow"
"781",7,"mostly"
"782",7,"nationality"
"783",7,"nug"
"784",7,"october"
"785",7,"organised"
"786",7,"ottoman"
"787",7,"outlawed"
"788",7,"pashtun"
"789",7,"philippines"
"790",7,"plan"
"791",7,"position"
"792",7,"quoted"
"793",7,"rebellion"
"794",7,"relationship"
"795",7,"religion"
"796",7,"religious"
"797",7,"revealed"
"798",7,"round"
"799",7,"sea"
"800",7,"seems"
"801",7,"something"
"802",7,"sources"
"803",7,"sovereignty"
"804",7,"spent"
"805",7,"split"
"806",7,"sunni"
"807",7,"supporters"
"808",7,"third"
"809",7,"top"
"810",7,"turks"
"811",7,"university"
"812",7,"violations"
"813",7,"violent"
"814",7,"voice"
"815",7,"warning"
"816",7,"went"
"817",7,"wimmen"
"818",7,"yemeni"
"819",6,"abdullah"
"820",6,"afp"
"821",6,"ahmad"
"822",6,"aiming"
"823",6,"airways"
"824",6,"ali"
"825",6,"alive"
"826",6,"allow"
"827",6,"allowing"
"828",6,"almost"
"829",6,"analysts"
"830",6,"anger"
"831",6,"appeared"
"832",6,"arrest"
"833",6,"authority"
"834",6,"backing"
"835",6,"base"
"836",6,"beginning"
"837",6,"believes"
"838",6,"besieged"
"839",6,"bit"
"840",6,"bloodshed"
"841",6,"boys"
"842",6,"brigades"
"843",6,"central"
"844",6,"changed"
"845",6,"claim"
"846",6,"closely"
"847",6,"common"
"848",6,"complex"
"849",6,"condemned"
"850",6,"conflicts"
"851",6,"conglomeration"
"852",6,"considered"
"853",6,"crackdown"
"854",6,"dead"
"855",6,"delegates"
"856",6,"demanded"
"857",6,"demonstrators"
"858",6,"deployed"
"859",6,"described"
"860",6,"details"
"861",6,"detained"
"862",6,"double"
"863",6,"drive"
"864",6,"due"
"865",6,"economy"
"866",6,"elements"
"867",6,"emirates"
"868",6,"escalate"
"869",6,"especially"
"870",6,"establishment"
"871",6,"ever"
"872",6,"explosive"
"873",6,"fact"
"874",6,"failaq"
"875",6,"fascist"
"876",6,"figure"
"877",6,"find"
"878",6,"flee"
"879",6,"florida"
"880",6,"founded"
"881",6,"gained"
"882",6,"giving"
"883",6,"gone"
"884",6,"happen"
"885",6,"happened"
"886",6,"headquarters"
"887",6,"heart"
"888",6,"heather"
"889",6,"heavy"
"890",6,"helmand"
"891",6,"hotel"
"892",6,"immediately"
"893",6,"individuals"
"894",6,"investments"
"895",6,"join"
"896",6,"kamal"
"897",6,"king"
"898",6,"kushner"
"899",6,"launching"
"900",6,"let"
"901",6,"libyan"
"902",6,"libyans"
"903",6,"lost"
"904",6,"macron"
"905",6,"manbij"
"906",6,"meant"
"907",6,"montenegro"
"908",6,"mosul"
"909",6,"nation"
"910",6,"obama"
"911",6,"occupied"
"912",6,"officer"
"913",6,"order"
"914",6,"ordered"
"915",6,"overthrow"
"916",6,"owing"
"917",6,"paid"
"918",6,"paramilitary"
"919",6,"parts"
"920",6,"passed"
"921",6,"pay"
"922",6,"peaceful"
"923",6,"per"
"924",6,"phone"
"925",6,"plans"
"926",6,"policies"
"927",6,"possible"
"928",6,"presidential"
"929",6,"pressure"
"930",6,"problem"
"931",6,"promised"
"932",6,"push"
"933",6,"questions"
"934",6,"quickly"
"935",6,"rabhi"
"936",6,"raise"
"937",6,"raised"
"938",6,"rather"
"939",6,"referring"
"940",6,"remaining"
"941",6,"resolutions"
"942",6,"resources"
"943",6,"river"
"944",6,"ruins"
"945",6,"scores"
"946",6,"seek"
"947",6,"sentenced"
"948",6,"separatists"
"949",6,"september"
"950",6,"serious"
"951",6,"shia"
"952",6,"shifting"
"953",6,"short"
"954",6,"shut"
"955",6,"signed"
"956",6,"similar"
"957",6,"sison"
"958",6,"source"
"959",6,"speech"
"960",6,"staffan"
"961",6,"start"
"962",6,"stefano"
"963",6,"steps"
"964",6,"strike"
"965",6,"table"
"966",6,"tahrir"
"967",6,"talk"
"968",6,"tamim"
"969",6,"tank"
"970",6,"tat"
"971",6,"thani"
"972",6,"though"
"973",6,"times"
"974",6,"tit"
"975",6,"torn"
"976",6,"tortured"
"977",6,"total"
"978",6,"train"
"979",6,"tried"
"980",6,"tripoli"
"981",6,"tunisians"
"982",6,"urged"
"983",6,"various"
"984",6,"vice"
"985",6,"view"
"986",6,"vladimir"
"987",6,"whose"
"988",6,"zayani"
"989",5,"abbas"
"990",5,"abroad"
"991",5,"abushagur"
"992",5,"accusations"
"993",5,"accuses"
"994",5,"activist"
"995",5,"advanced"
"996",5,"adviser"
"997",5,"aerial"
"998",5,"affected"
"999",5,"aircraft"
"1000",5,"alone"
"1001",5,"americans"
"1002",5,"apply"
"1003",5,"arm"
"1004",5,"arms"
"1005",5,"avoided"
"1006",5,"bad"
"1007",5,"bakr"
"1008",5,"barack"
"1009",5,"basis"
"1010",5,"battlefield"
"1011",5,"best"
"1012",5,"blame"
"1013",5,"bloc"
"1014",5,"bodies"
"1015",5,"bounty"
"1016",5,"broker"
"1017",5,"camp"
"1018",5,"capture"
"1019",5,"carrying"
"1020",5,"cease"
"1021",5,"centre"
"1022",5,"chlorine"
"1023",5,"colonel"
"1024",5,"combat"
"1025",5,"comes"
"1026",5,"completely"
"1027",5,"conditions"
"1028",5,"considers"
"1029",5,"controversial"
"1030",5,"counter"
"1031",5,"counterpart"
"1032",5,"counterterrorism"
"1033",5,"coup"
"1034",5,"create"
"1035",5,"current"
"1036",5,"cut"
"1037",5,"daughter"
"1038",5,"deadliest"
"1039",5,"demand"
"1040",5,"describes"
"1041",5,"deterrence"
"1042",5,"different"
"1043",5,"directly"
"1044",5,"dollars"
"1045",5,"donor"
"1046",5,"drones"
"1047",5,"editorial"
"1048",5,"egyptian"
"1049",5,"else"
"1050",5,"enemy"
"1051",5,"erupted"
"1052",5,"escalated"
"1053",5,"establish"
"1054",5,"ethnonationalist"
"1055",5,"euphrates"
"1056",5,"eventually"
"1057",5,"explosives"
"1058",5,"extension"
"1059",5,"extreme"
"1060",5,"figures"
"1061",5,"financial"
"1062",5,"finland"
"1063",5,"followed"
"1064",5,"freedoms"
"1065",5,"french"
"1066",5,"fully"
"1067",5,"getting"
"1068",5,"global"
"1069",5,"goal"
"1070",5,"governmental"
"1071",5,"growing"
"1072",5,"hay"
"1073",5,"homs"
"1074",5,"hoping"
"1075",5,"hospital"
"1076",5,"hospitals"
"1077",5,"hostilities"
"1078",5,"house"
"1079",5,"huge"
"1080",5,"husbands"
"1081",5,"ideological"
"1082",5,"included"
"1083",5,"injuries"
"1084",5,"intelligence"
"1085",5,"intense"
"1086",5,"interest"
"1087",5,"interior"
"1088",5,"internally"
"1089",5,"investors"
"1090",5,"james"
"1091",5,"jets"
"1092",5,"journey"
"1093",5,"justice"
"1094",5,"karachi"
"1095",5,"killings"
"1096",5,"kouch"
"1097",5,"largely"
"1098",5,"limit"
"1099",5,"lot"
"1100",5,"mentioned"
"1101",5,"mid"
"1102",5,"might"
"1103",5,"ministers"
"1104",5,"missiles"
"1105",5,"moment"
"1106",5,"necessarily"
"1107",5,"neighbouring"
"1108",5,"neo"
"1109",5,"network"
"1110",5,"numbers"
"1111",5,"observatory"
"1112",5,"opened"
"1113",5,"opinion"
"1114",5,"organise"
"1115",5,"outskirts"
"1116",5,"particular"
"1117",5,"particularly"
"1118",5,"planes"
"1119",5,"politicians"
"1120",5,"powers"
"1121",5,"press"
"1122",5,"profound"
"1123",5,"projects"
"1124",5,"published"
"1125",5,"pursuing"
"1126",5,"reached"
"1127",5,"reasons"
"1128",5,"recaptured"
"1129",5,"received"
"1130",5,"recently"
"1131",5,"reflect"
"1132",5,"refused"
"1133",5,"regardless"
"1134",5,"reinforcements"
"1135",5,"requested"
"1136",5,"restraint"
"1137",5,"returnees"
"1138",5,"returning"
"1139",5,"room"
"1140",5,"root"
"1141",5,"saddam"
"1142",5,"safety"
"1143",5,"schools"
"1144",5,"search"
"1145",5,"seeks"
"1146",5,"sees"
"1147",5,"sending"
"1148",5,"separate"
"1149",5,"services"
"1150",5,"shop"
"1151",5,"show"
"1152",5,"smaller"
"1153",5,"society"
"1154",5,"solidarity"
"1155",5,"someone"
"1156",5,"stability"
"1157",5,"statements"
"1158",5,"step"
"1159",5,"story"
"1160",5,"streets"
"1161",5,"surrounded"
"1162",5,"system"
"1163",5,"tactic"
"1164",5,"thought"
"1165",5,"threatened"
"1166",5,"toppled"
"1167",5,"trained"
"1168",5,"training"
"1169",5,"transitional"
"1170",5,"truce"
"1171",5,"tunis"
"1172",5,"unama"
"1173",5,"understand"
"1174",5,"unhcr"
"1175",5,"updates"
"1176",5,"via"
"1177",5,"vowed"
"1178",5,"waged"
"1179",5,"warplane"
"1180",5,"willing"
"1181",5,"wing"
"1182",5,"woman"
"1183",5,"xinjiang"
"1184",5,"york"
"1185",5,"zones"
"1186",4,"abdul"
"1187",4,"accepted"
"1188",4,"accusing"
"1189",4,"acknowledged"
"1190",4,"addressing"
"1191",4,"advance"
"1192",4,"advances"
"1193",4,"afc"
"1194",4,"aggressive"
"1195",4,"agreed"
"1196",4,"agreements"
"1197",4,"aims"
"1198",4,"allegedly"
"1199",4,"allowed"
"1200",4,"alongside"
"1201",4,"always"
"1202",4,"ambassador"
"1203",4,"anbar"
"1204",4,"announcement"
"1205",4,"annual"
"1206",4,"anwar"
"1207",4,"anyone"
"1208",4,"apparent"
"1209",4,"appointed"
"1210",4,"arrive"
"1211",4,"ashraf"
"1212",4,"asia"
"1213",4,"assistance"
"1214",4,"associated"
"1215",4,"astana"
"1216",4,"attention"
"1217",4,"autonomy"
"1218",4,"banned"
"1219",4,"basri"
"1220",4,"bays"
"1221",4,"behalf"
"1222",4,"belonging"
"1223",4,"benjamin"
"1224",4,"billion"
"1225",4,"billions"
"1226",4,"black"
"1227",4,"blockading"
"1228",4,"bombers"
"1229",4,"bombs"
"1230",4,"bozdag"
"1231",4,"briefly"
"1232",4,"brotherhood"
"1233",4,"brought"
"1234",4,"brussels"
"1235",4,"brutal"
"1236",4,"budget"
"1237",4,"canikli"
"1238",4,"captured"
"1239",4,"care"
"1240",4,"cash"
"1241",4,"caught"
"1242",4,"century"
"1243",4,"certain"
"1244",4,"championships"
"1245",4,"charges"
"1246",4,"clearly"
"1247",4,"coming"
"1248",4,"commander"
"1249",4,"committed"
"1250",4,"communities"
"1251",4,"compared"
"1252",4,"complicated"
"1253",4,"compound"
"1254",4,"concerned"
"1255",4,"cooperation"
"1256",4,"countryside"
"1257",4,"criticised"
"1258",4,"cruise"
"1259",4,"danger"
"1260",4,"dealt"
"1261",4,"decisions"
"1262",4,"declared"
"1263",4,"defences"
"1264",4,"defended"
"1265",4,"delegation"
"1266",4,"democracy"
"1267",4,"deported"
"1268",4,"describing"
"1269",4,"designated"
"1270",4,"destruction"
"1271",4,"device"
"1272",4,"dhabi"
"1273",4,"diplomat"
"1274",4,"diplomats"
"1275",4,"disaster"
"1276",4,"discussed"
"1277",4,"divisions"
"1278",4,"downing"
"1279",4,"drawing"
"1280",4,"drove"
"1281",4,"effect"
"1282",4,"egyptians"
"1283",4,"either"
"1284",4,"election"
"1285",4,"emerged"
"1286",4,"emergency"
"1287",4,"ended"
"1288",4,"ending"
"1289",4,"enemies"
"1290",4,"essentially"
"1291",4,"estate"
"1292",4,"evacuate"
"1293",4,"everyone"
"1294",4,"evidence"
"1295",4,"exacerbating"
"1296",4,"excuse"
"1297",4,"executions"
"1298",4,"exile"
"1299",4,"experts"
"1300",4,"facebook"
"1301",4,"facilitated"
"1302",4,"failure"
"1303",4,"fall"
"1304",4,"fate"
"1305",4,"fears"
"1306",4,"fellow"
"1307",4,"filled"
"1308",4,"firing"
"1309",4,"form"
"1310",4,"formerly"
"1311",4,"forza"
"1312",4,"fraihat"
"1313",4,"frequently"
"1314",4,"fronts"
"1315",4,"funding"
"1316",4,"funds"
"1317",4,"funk"
"1318",4,"game"
"1319",4,"games"
"1320",4,"genocide"
"1321",4,"green"
"1322",4,"gulen"
"1323",4,"hadi"
"1324",4,"hands"
"1325",4,"harsh"
"1326",4,"hasakah"
"1327",4,"hawija"
"1328",4,"helmets"
"1329",4,"hopes"
"1330",4,"hosting"
"1331",4,"humanity"
"1332",4,"hussein"
"1333",4,"ibrahim"
"1334",4,"impact"
"1335",4,"implemented"
"1336",4,"increase"
"1337",4,"increased"
"1338",4,"increasingly"
"1339",4,"internal"
"1340",4,"islamabad"
"1341",4,"islamist"
"1342",4,"issued"
"1343",4,"istanbul"
"1344",4,"jail"
"1345",4,"jared"
"1346",4,"judicial"
"1347",4,"justify"
"1348",4,"keeping"
"1349",4,"khawaja"
"1350",4,"kind"
"1351",4,"knew"
"1352",4,"kunduz"
"1353",4,"landmine"
"1354",4,"language"
"1355",4,"league"
"1356",4,"leaving"
"1357",4,"lebanese"
"1358",4,"legs"
"1359",4,"lengthy"
"1360",4,"less"
"1361",4,"levels"
"1362",4,"light"
"1363",4,"lines"
"1364",4,"little"
"1365",4,"living"
"1366",4,"loans"
"1367",4,"looking"
"1368",4,"looks"
"1369",4,"mahmoud"
"1370",4,"maitiga"
"1371",4,"managed"
"1372",4,"maqsoud"
"1373",4,"marandi"
"1374",4,"massive"
"1375",4,"mean"
"1376",4,"measures"
"1377",4,"mend"
"1378",4,"mention"
"1379",4,"message"
"1380",4,"mevlut"
"1381",4,"militias"
"1382",4,"mohammad"
"1383",4,"mohammed"
"1384",4,"mosque"
"1385",4,"munich"
"1386",4,"named"
"1387",4,"necessary"
"1388",4,"neighbours"
"1389",4,"neither"
"1390",4,"nine"
"1391",4,"northeastern"
"1392",4,"nuova"
"1393",4,"often"
"1394",4,"opposing"
"1395",4,"overnight"
"1396",4,"pakistani"
"1397",4,"palestine"
"1398",4,"parliament"
"1399",4,"paying"
"1400",4,"peninsula"
"1401",4,"persecuted"
"1402",4,"persons"
"1403",4,"philosopher"
"1404",4,"plane"
"1405",4,"planned"
"1406",4,"planning"
"1407",4,"pmf"
"1408",4,"podgorica"
"1409",4,"port"
"1410",4,"potential"
"1411",4,"prepared"
"1412",4,"prevent"
"1413",4,"price"
"1414",4,"protesters"
"1415",4,"provided"
"1416",4,"providing"
"1417",4,"pushed"
"1418",4,"qamishli"
"1419",4,"raghad"
"1420",4,"recognised"
"1421",4,"regions"
"1422",4,"relief"
"1423",4,"remarks"
"1424",4,"removed"
"1425",4,"representative"
"1426",4,"responded"
"1427",4,"resulting"
"1428",4,"rockets"
"1429",4,"salem"
"1430",4,"saudis"
"1431",4,"save"
"1432",4,"seat"
"1433",4,"seem"
"1434",4,"seized"
"1435",4,"session"
"1436",4,"sit"
"1437",4,"slap"
"1438",4,"soldier"
"1439",4,"sponsored"
"1440",4,"staff"
"1441",4,"stage"
"1442",4,"standing"
"1443",4,"status"
"1444",4,"stories"
"1445",4,"strained"
"1446",4,"strong"
"1447",4,"strongly"
"1448",4,"students"
"1449",4,"suffering"
"1450",4,"suggest"
"1451",4,"surge"
"1452",4,"term"
"1453",4,"terror"
"1454",4,"therefore"
"1455",4,"threatening"
"1456",4,"towns"
"1457",4,"trade"
"1458",4,"traumatised"
"1459",4,"turkeyâ"
"1460",4,"uighur"
"1461",4,"umbrella"
"1462",4,"unable"
"1463",4,"understanding"
"1464",4,"unrest"
"1465",4,"upcoming"
"1466",4,"upon"
"1467",4,"usa"
"1468",4,"vast"
"1469",4,"violated"
"1470",4,"violation"
"1471",4,"vital"
"1472",4,"wahid"
"1473",4,"watch"
"1474",4,"widespread"
"1475",4,"working"
"1476",4,"worrying"
"1477",4,"writing"
"1478",4,"yildirim"
"1479",4,"zahreddine"
"1480",4,"zeb"
"1481",4,"zionists"
"1482",4,"zone"
"1483",3,"abdelkebir"
"1484",3,"abm"
"1485",3,"accept"
"1486",3,"account"
"1487",3,"accountable"
"1488",3,"accuse"
"1489",3,"achieved"
"1490",3,"adopt"
"1491",3,"advancing"
"1492",3,"advisers"
"1493",3,"affiliated"
"1494",3,"agents"
"1495",3,"aim"
"1496",3,"airline"
"1497",3,"aktay"
"1498",3,"alam"
"1499",3,"alawi"
"1500",3,"aligned"
"1501",3,"allegations"
"1502",3,"ambitions"
"1503",3,"annan"
"1504",3,"annexed"
"1505",3,"anything"
"1506",3,"applications"
"1507",3,"approach"
"1508",3,"arrived"
"1509",3,"association"
"1510",3,"attacker"
"1511",3,"attackers"
"1512",3,"attend"
"1513",3,"attended"
"1514",3,"attending"
"1515",3,"august"
"1516",3,"avail"
"1517",3,"bab"
"1518",3,"baghdad"
"1519",3,"bahraini"
"1520",3,"bbc"
"1521",3,"behind"
"1522",3,"beijing"
"1523",3,"bekir"
"1524",3,"berlin"
"1525",3,"big"
"1526",3,"bigger"
"1527",3,"birtley"
"1528",3,"blamed"
"1529",3,"blast"
"1530",3,"bomb"
"1531",3,"bomber"
"1532",3,"born"
"1533",3,"boycotted"
"1534",3,"breaking"
"1535",3,"brief"
"1536",3,"broader"
"1537",3,"broke"
"1538",3,"brutally"
"1539",3,"build"
"1540",3,"cause"
"1541",3,"center"
"1542",3,"centres"
"1543",3,"cfcm"
"1544",3,"checkpoint"
"1545",3,"collective"
"1546",3,"columnist"
"1547",3,"commit"
"1548",3,"comprehensive"
"1549",3,"conde"
"1550",3,"confront"
"1551",3,"consecutive"
"1552",3,"considering"
"1553",3,"conspiracy"
"1554",3,"constant"
"1555",3,"constitution"
"1556",3,"convention"
"1557",3,"convince"
"1558",3,"corrupt"
"1559",3,"cost"
"1560",3,"courts"
"1561",3,"covert"
"1562",3,"crashed"
"1563",3,"created"
"1564",3,"crime"
"1565",3,"criminal"
"1566",3,"crises"
"1567",3,"critical"
"1568",3,"custody"
"1569",3,"daesh"
"1570",3,"damage"
"1571",3,"damaged"
"1572",3,"danish"
"1573",3,"date"
"1574",3,"debate"
"1575",3,"deemed"
"1576",3,"defections"
"1577",3,"delegations"
"1578",3,"deliver"
"1579",3,"denies"
"1580",3,"deny"
"1581",3,"depend"
"1582",3,"deployment"
"1583",3,"deportation"
"1584",3,"dera"
"1585",3,"devices"
"1586",3,"die"
"1587",3,"differences"
"1588",3,"diplomacy"
"1589",3,"dismiss"
"1590",3,"distort"
"1591",3,"disturbing"
"1592",3,"documented"
"1593",3,"doesn"
"1594",3,"dostum"
"1595",3,"douma"
"1596",3,"downgraded"
"1597",3,"drought"
"1598",3,"dubbed"
"1599",3,"duped"
"1600",3,"early"
"1601",3,"ease"
"1602",3,"effects"
"1603",3,"eighth"
"1604",3,"elected"
"1605",3,"elections"
"1606",3,"electoral"
"1607",3,"emirati"
"1608",3,"encouraging"
"1609",3,"energetic"
"1610",3,"energy"
"1611",3,"engage"
"1612",3,"engaged"
"1613",3,"ensure"
"1614",3,"entering"
"1615",3,"esfs"
"1616",3,"estimate"
"1617",3,"everything"
"1618",3,"example"
"1619",3,"executive"
"1620",3,"exercising"
"1621",3,"expel"
"1622",3,"expelled"
"1623",3,"explain"
"1624",3,"exploited"
"1625",3,"explosions"
"1626",3,"exposed"
"1627",3,"extradite"
"1628",3,"face"
"1629",3,"facilities"
"1630",3,"facility"
"1631",3,"faith"
"1632",3,"false"
"1633",3,"fascism"
"1634",3,"fascists"
"1635",3,"fatal"
"1636",3,"fault"
"1637",3,"felt"
"1638",3,"female"
"1639",3,"finally"
"1640",3,"fired"
"1641",3,"fitch"
"1642",3,"flattening"
"1643",3,"fled"
"1644",3,"fly"
"1645",3,"football"
"1646",3,"founders"
"1647",3,"friends"
"1648",3,"fuelled"
"1649",3,"gains"
"1650",3,"german"
"1651",3,"ghwell"
"1652",3,"god"
"1653",3,"good"
"1654",3,"got"
"1655",3,"graduate"
"1656",3,"graffiti"
"1657",3,"greater"
"1658",3,"grown"
"1659",3,"guarantee"
"1660",3,"guilty"
"1661",3,"hafed"
"1662",3,"hague"
"1663",3,"hami"
"1664",3,"hamid"
"1665",3,"hand"
"1666",3,"handed"
"1667",3,"hazara"
"1668",3,"headed"
"1669",3,"heard"
"1670",3,"heavily"
"1671",3,"hell"
"1672",3,"helped"
"1673",3,"helping"
"1674",3,"history"
"1675",3,"holocaust"
"1676",3,"horrific"
"1677",3,"houthis"
"1678",3,"identified"
"1679",3,"ideology"
"1680",3,"idp"
"1681",3,"idrees"
"1682",3,"ieds"
"1683",3,"implementation"
"1684",3,"important"
"1685",3,"imprisoning"
"1686",3,"incidents"
"1687",3,"includes"
"1688",3,"indeed"
"1689",3,"independent"
"1690",3,"inflamed"
"1691",3,"innocent"
"1692",3,"instance"
"1693",3,"instantly"
"1694",3,"institute"
"1695",3,"institutions"
"1696",3,"intensified"
"1697",3,"interests"
"1698",3,"internationally"
"1699",3,"investigate"
"1700",3,"investment"
"1701",3,"invitation"
"1702",3,"iranians"
"1703",3,"ismail"
"1704",3,"jalalabad"
"1705",3,"jews"
"1706",3,"john"
"1707",3,"journalist"
"1708",3,"kirkuk"
"1709",3,"koc"
"1710",3,"kofi"
"1711",3,"korea"
"1712",3,"larger"
"1713",3,"latakia"
"1714",3,"lead"
"1715",3,"legacy"
"1716",3,"liberation"
"1717",3,"locations"
"1718",3,"look"
"1719",3,"louvre"
"1720",3,"maintained"
"1721",3,"manning"
"1722",3,"manufactured"
"1723",3,"marri"
"1724",3,"mediation"
"1725",3,"medicine"
"1726",3,"mehsuds"
"1727",3,"membership"
"1728",3,"migrants"
"1729",3,"migrate"
"1730",3,"militarily"
"1731",3,"minority"
"1732",3,"mistake"
"1733",3,"monitoring"
"1734",3,"mosques"
"1735",3,"multiple"
"1736",3,"museum"
"1737",3,"mustafa"
"1738",3,"mutual"
"1739",3,"nadhif"
"1740",3,"narrative"
"1741",3,"netherlands"
"1742",3,"newspaper"
"1743",3,"nobody"
"1744",3,"noted"
"1745",3,"notoriety"
"1746",3,"nra"
"1747",3,"nuclear"
"1748",3,"nurettin"
"1749",3,"object"
"1750",3,"objections"
"1751",3,"observers"
"1752",3,"offered"
"1753",3,"offshoot"
"1754",3,"omar"
"1755",3,"ones"
"1756",3,"onwards"
"1757",3,"operate"
"1758",3,"oppression"
"1759",3,"option"
"1760",3,"outspoken"
"1761",3,"overall"
"1762",3,"overrunning"
"1763",3,"palmyra"
"1764",3,"parliamentarian"
"1765",3,"path"
"1766",3,"pause"
"1767",3,"pawns"
"1768",3,"permanent"
"1769",3,"philippine"
"1770",3,"photos"
"1771",3,"places"
"1772",3,"plagued"
"1773",3,"play"
"1774",3,"pledge"
"1775",3,"plight"
"1776",3,"points"
"1777",3,"politician"
"1778",3,"politics"
"1779",3,"popular"
"1780",3,"portions"
"1781",3,"possibility"
"1782",3,"posted"
"1783",3,"posts"
"1784",3,"praised"
"1785",3,"preachers"
"1786",3,"present"
"1787",3,"preserve"
"1788",3,"presidency"
"1789",3,"prewar"
"1790",3,"priority"
"1791",3,"proclaimed"
"1792",3,"project"
"1793",3,"prominent"
"1794",3,"prompt"
"1795",3,"propaganda"
"1796",3,"property"
"1797",3,"protecting"
"1798",3,"provinces"
"1799",3,"provincial"
"1800",3,"provocative"
"1801",3,"quiet"
"1802",3,"quoting"
"1803",3,"race"
"1804",3,"ranked"
"1805",3,"ranks"
"1806",3,"read"
"1807",3,"receive"
"1808",3,"recognise"
"1809",3,"recruit"
"1810",3,"referred"
"1811",3,"reform"
"1812",3,"reforms"
"1813",3,"registered"
"1814",3,"regularly"
"1815",3,"reiterated"
"1816",3,"related"
"1817",3,"relating"
"1818",3,"relentless"
"1819",3,"reliable"
"1820",3,"remained"
"1821",3,"repatriation"
"1822",3,"replaced"
"1823",3,"representatives"
"1824",3,"rescue"
"1825",3,"resentment"
"1826",3,"resolve"
"1827",3,"respect"
"1828",3,"respond"
"1829",3,"responding"
"1830",3,"results"
"1831",3,"retaliated"
"1832",3,"retaliation"
"1833",3,"returns"
"1834",3,"revive"
"1835",3,"revolution"
"1836",3,"rich"
"1837",3,"rise"
"1838",3,"rival"
"1839",3,"running"
"1840",3,"safer"
"1841",3,"salman"
"1842",3,"scale"
"1843",3,"school"
"1844",3,"scored"
"1845",3,"secret"
"1846",3,"sect"
"1847",3,"seeing"
"1848",3,"seekers"
"1849",3,"separatist"
"1850",3,"settlement"
"1851",3,"setup"
"1852",3,"severely"
"1853",3,"shabwa"
"1854",3,"shami"
"1855",3,"sheikhoun"
"1856",3,"shifted"
"1857",3,"shopkeeper"
"1858",3,"shore"
"1859",3,"showed"
"1860",3,"showing"
"1861",3,"sign"
"1862",3,"signs"
"1863",3,"single"
"1864",3,"sisi"
"1865",3,"sites"
"1866",3,"slide"
"1867",3,"sohr"
"1868",3,"soil"
"1869",3,"sparking"
"1870",3,"speak"
"1871",3,"speaks"
"1872",3,"specify"
"1873",3,"spoke"
"1874",3,"stabilisation"
"1875",3,"stalemate"
"1876",3,"standard"
"1877",3,"standards"
"1878",3,"standoff"
"1879",3,"starker"
"1880",3,"sticking"
"1881",3,"stopped"
"1882",3,"strategies"
"1883",3,"structures"
"1884",3,"struggling"
"1885",3,"studies"
"1886",3,"succeeds"
"1887",3,"success"
"1888",3,"successfully"
"1889",3,"suffered"
"1890",3,"suffers"
"1891",3,"supply"
"1892",3,"supremacist"
"1893",3,"surrounding"
"1894",3,"sustain"
"1895",3,"switzerland"
"1896",3,"talibanorchestrated"
"1897",3,"tartus"
"1898",3,"technically"
"1899",3,"telling"
"1900",3,"tension"
"1901",3,"tenure"
"1902",3,"terms"
"1903",3,"tomahawk"
"1904",3,"topple"
"1905",3,"torture"
"1906",3,"tougher"
"1907",3,"transition"
"1908",3,"travelled"
"1909",3,"trial"
"1910",3,"trip"
"1911",3,"trucks"
"1912",3,"true"
"1913",3,"try"
"1914",3,"turn"
"1915",3,"tweeted"
"1916",3,"twice"
"1917",3,"ultimately"
"1918",3,"unclear"
"1919",3,"undercut"
"1920",3,"undermines"
"1921",3,"undermining"
"1922",3,"unknown"
"1923",3,"unlikely"
"1924",3,"unwilling"
"1925",3,"upfront"
"1926",3,"uprisings"
"1927",3,"vehicle"
"1928",3,"vetoed"
"1929",3,"villages"
"1930",3,"vision"
"1931",3,"visited"
"1932",3,"visits"
"1933",3,"voluntary"
"1934",3,"volunteer"
"1935",3,"warming"
"1936",3,"warplanes"
"1937",3,"wars"
"1938",3,"weapon"
"1939",3,"weaponry"
"1940",3,"wearing"
"1941",3,"westward"
"1942",3,"wide"
"1943",3,"wish"
"1944",3,"witnessed"
"1945",3,"witnesses"
"1946",3,"woes"
"1947",3,"worked"
"1948",3,"worse"
"1949",3,"wounding"
"1950",3,"writers"
"1951",3,"wrote"
"1952",3,"yemenis"
"1953",2,"abadi"
"1954",2,"abandon"
"1955",2,"abandoned"
"1956",2,"abazeid"
"1957",2,"abd"
"1958",2,"abdelfattah"
"1959",2,"abide"
"1960",2,"abidi"
"1961",2,"abidine"
"1962",2,"abuses"
"1963",2,"academy"
"1964",2,"access"
"1965",2,"accompanied"
"1966",2,"accordance"
"1967",2,"accounted"
"1968",2,"acknowledges"
"1969",2,"acting"
"1970",2,"activism"
"1971",2,"activities"
"1972",2,"acts"
"1973",2,"additional"
"1974",2,"admitted"
"1975",2,"adults"
"1976",2,"adversaries"
"1977",2,"advisors"
"1978",2,"advocacy"
"1979",2,"advocates"
"1980",2,"afar"
"1981",2,"affiliates"
"1982",2,"affiliation"
"1983",2,"affirms"
"1984",2,"africa"
"1985",2,"agenda"
"1986",2,"aggressively"
"1987",2,"aggressor"
"1988",2,"agree"
"1989",2,"ahead"
"1990",2,"ahmed"
"1991",2,"aide"
"1992",2,"airbase"
"1993",2,"airport"
"1994",2,"ajupfront"
"1995",2,"alarming"
"1996",2,"alcadev"
"1997",2,"alike"
"1998",2,"allegiance"
"1999",2,"alternatives"
"2000",2,"although"
"2001",2,"ambiguous"
"2002",2,"ambulance"
"2003",2,"amman"
"2004",2,"amount"
"2005",2,"angered"
"2006",2,"anonymous"
"2007",2,"apart"
"2008",2,"apartheid"
"2009",2,"apocalypse"
"2010",2,"appalling"
"2011",2,"apparently"
"2012",2,"appeal"
"2013",2,"appears"
"2014",2,"approval"
"2015",2,"aqap"
"2016",2,"arbitrarily"
"2017",2,"arena"
"2018",2,"argued"
"2019",2,"arguing"
"2020",2,"argument"
"2021",2,"arrangements"
"2022",2,"arrested"
"2023",2,"artillery"
"2024",2,"artists"
"2025",2,"asma"
"2026",2,"aspiring"
"2027",2,"assaults"
"2028",2,"assertion"
"2029",2,"ateeqi"
"2030",2,"atlantic"
"2031",2,"attacking"
"2032",2,"attempts"
"2033",2,"attributed"
"2034",2,"azeri"
"2035",2,"baath"
"2036",2,"baathism"
"2037",2,"balance"
"2038",2,"baraa"
"2039",2,"battered"
"2040",2,"bear"
"2041",2,"begin"
"2042",2,"begins"
"2043",2,"behaves"
"2044",2,"bek"
"2045",2,"bekaa"
"2046",2,"believed"
"2047",2,"benefit"
"2048",2,"binali"
"2049",2,"blasts"
"2050",2,"blow"
"2051",2,"blows"
"2052",2,"body"
"2053",2,"bombarding"
"2054",2,"booc"
"2055",2,"books"
"2056",2,"bosnia"
"2057",2,"boy"
"2058",2,"briefing"
"2059",2,"bringing"
"2060",2,"brink"
"2061",2,"britain"
"2062",2,"broken"
"2063",2,"brokered"
"2064",2,"brother"
"2065",2,"brothers"
"2066",2,"brunner"
"2067",2,"buffer"
"2068",2,"built"
"2069",2,"bureaucracy"
"2070",2,"burning"
"2071",2,"butcher"
"2072",2,"buzzfeed"
"2073",2,"cabinet"
"2074",2,"caldiron"
"2075",2,"caliphate"
"2076",2,"candidate"
"2077",2,"capabilities"
"2078",2,"capable"
"2079",2,"capitals"
"2080",2,"capturing"
"2081",2,"cards"
"2082",2,"carrier"
"2083",2,"cars"
"2084",2,"ceo"
"2085",2,"certainly"
"2086",2,"cessation"
"2087",2,"chad"
"2088",2,"chairman"
"2089",2,"challenge"
"2090",2,"charter"
"2091",2,"chhoa"
"2092",2,"chinese"
"2093",2,"chosen"
"2094",2,"cited"
"2095",2,"citing"
"2096",2,"clarify"
"2097",2,"clarity"
"2098",2,"clash"
"2099",2,"click"
"2100",2,"clothes"
"2101",2,"clubs"
"2102",2,"coherent"
"2103",2,"coincided"
"2104",2,"cold"
"2105",2,"combatting"
"2106",2,"commissioner"
"2107",2,"commitment"
"2108",2,"complete"
"2109",2,"condemning"
"2110",2,"condition"
"2111",2,"confederation"
"2112",2,"conferences"
"2113",2,"congress"
"2114",2,"consulate"
"2115",2,"continental"
"2116",2,"conveying"
"2117",2,"convicted"
"2118",2,"convincing"
"2119",2,"coordinate"
"2120",2,"correspondent"
"2121",2,"costly"
"2122",2,"couldn"
"2123",2,"counsel"
"2124",2,"counties"
"2125",2,"credit"
"2126",2,"crescent"
"2127",2,"criticise"
"2128",2,"criticism"
"2129",2,"crossfire"
"2130",2,"crossing"
"2131",2,"crowd"
"2132",2,"cruelty"
"2133",2,"culprit"
"2134",2,"cultural"
"2135",2,"culture"
"2136",2,"curse"
"2137",2,"cynical"
"2138",2,"data"
"2139",2,"dealing"
"2140",2,"deals"
"2141",2,"decide"
"2142",2,"decided"
"2143",2,"decline"
"2144",2,"deep"
"2145",2,"defending"
"2146",2,"defense"
"2147",2,"defensive"
"2148",2,"definitely"
"2149",2,"delay"
"2150",2,"deliveries"
"2151",2,"delivery"
"2152",2,"demanding"
"2153",2,"demolished"
"2154",2,"demonstrated"
"2155",2,"depended"
"2156",2,"depends"
"2157",2,"deploying"
"2158",2,"depravity"
"2159",2,"desperate"
"2160",2,"desperately"
"2161",2,"detainees"
"2162",2,"determination"
"2163",2,"determine"
"2164",2,"dickinson"
"2165",2,"dictatorship"
"2166",2,"didn"
"2167",2,"din"
"2168",2,"dire"
"2169",2,"direction"
"2170",2,"disagrees"
"2171",2,"discussing"
"2172",2,"dismissed"
"2173",2,"dispute"
"2174",2,"disputed"
"2175",2,"distant"
"2176",2,"distraction"
"2177",2,"districts"
"2178",2,"divide"
"2179",2,"divides"
"2180",2,"documentary"
"2181",2,"documenting"
"2182",2,"dream"
"2183",2,"dujarric"
"2184",2,"duke"
"2185",2,"durable"
"2186",2,"earth"
"2187",2,"education"
"2188",2,"educational"
"2189",2,"ejection"
"2190",2,"elshayyal"
"2191",2,"embassies"
"2192",2,"emiratis"
"2193",2,"employees"
"2194",2,"enacted"
"2195",2,"encourage"
"2196",2,"encourages"
"2197",2,"endeavour"
"2198",2,"enduring"
"2199",2,"enough"
"2200",2,"entities"
"2201",2,"entry"
"2202",2,"environment"
"2203",2,"escalating"
"2204",2,"established"
"2205",2,"establishing"
"2206",2,"eurostat"
"2207",2,"evacuation"
"2208",2,"events"
"2209",2,"exactly"
"2210",2,"exceptionalism"
"2211",2,"exceptions"
"2212",2,"exchanges"
"2213",2,"executives"
"2214",2,"exempt"
"2215",2,"exiled"
"2216",2,"exodus"
"2217",2,"expanded"
"2218",2,"experience"
"2219",2,"exploit"
"2220",2,"extremist"
"2221",2,"facto"
"2222",2,"falling"
"2223",2,"familiar"
"2224",2,"farah"
"2225",2,"favourable"
"2226",2,"faylaq"
"2227",2,"feasible"
"2228",2,"featuring"
"2229",2,"federal"
"2230",2,"federations"
"2231",2,"feel"
"2232",2,"fethullah"
"2233",2,"fifth"
"2234",2,"final"
"2235",2,"finances"
"2236",2,"finding"
"2237",2,"fit"
"2238",2,"flight"
"2239",2,"focal"
"2240",2,"focused"
"2241",2,"focusing"
"2242",2,"followers"
"2243",2,"forgotten"
"2244",2,"forms"
"2245",2,"founder"
"2246",2,"fourth"
"2247",2,"framework"
"2248",2,"fraud"
"2249",2,"freed"
"2250",2,"friend"
"2251",2,"funded"
"2252",2,"futile"
"2253",2,"gain"
"2254",2,"gathering"
"2255",2,"gaza"
"2256",2,"gcc"
"2257",2,"gharafa"
"2258",2,"globe"
"2259",2,"gmt"
"2260",2,"gna"
"2261",2,"goals"
"2262",2,"goes"
"2263",2,"governor"
"2264",2,"grain"
"2265",2,"granted"
"2266",2,"grappling"
"2267",2,"grassroots"
"2268",2,"great"
"2269",2,"grenade"
"2270",2,"griffin"
"2271",2,"grounds"
"2272",2,"guard"
"2273",2,"guided"
"2274",2,"guns"
"2275",2,"hafez"
"2276",2,"haider"
"2277",2,"halevy"
"2278",2,"handful"
"2279",2,"harassment"
"2280",2,"harasta"
"2281",2,"haruz"
"2282",2,"haven"
"2283",2,"hawa"
"2284",2,"hayat"
"2285",2,"headscarf"
"2286",2,"highest"
"2287",2,"highly"
"2288",2,"hold"
"2289",2,"hooman"
"2290",2,"host"
"2291",2,"hosted"
"2292",2,"hosts"
"2293",2,"hour"
"2294",2,"howard"
"2295",2,"identification"
"2296",2,"identify"
"2297",2,"identity"
"2298",2,"ihsanullah"
"2299",2,"illegal"
"2300",2,"illogically"
"2301",2,"image"
"2302",2,"imperialist"
"2303",2,"imperils"
"2304",2,"implement"
"2305",2,"implicitly"
"2306",2,"implied"
"2307",2,"impossible"
"2308",2,"impoverished"
"2309",2,"imprisoned"
"2310",2,"imprisonment"
"2311",2,"improvement"
"2312",2,"improvised"
"2313",2,"income"
"2314",2,"increasing"
"2315",2,"incursion"
"2316",2,"index"
"2317",2,"indicated"
"2318",2,"inevitable"
"2319",2,"informed"
"2320",2,"infuriated"
"2321",2,"ingushetia"
"2322",2,"initial"
"2323",2,"initially"
"2324",2,"injuring"
"2325",2,"insists"
"2326",2,"instability"
"2327",2,"insult"
"2328",2,"insurgents"
"2329",2,"integrity"
"2330",2,"intention"
"2331",2,"inter"
"2332",2,"intercepted"
"2333",2,"interfere"
"2334",2,"iraqis"
"2335",2,"isolated"
"2336",2,"jaafari"
"2337",2,"jamal"
"2338",2,"jamiat"
"2339",2,"jandoubi"
"2340",2,"jasarevic"
"2341",2,"jazira"
"2342",2,"jihadists"
"2343",2,"job"
"2344",2,"joining"
"2345",2,"jonathan"
"2346",2,"jose"
"2347",2,"journalists"
"2348",2,"karzai"
"2349",2,"kazimi"
"2350",2,"keep"
"2351",2,"kept"
"2352",2,"kern"
"2353",2,"key"
"2354",2,"khalida"
"2355",2,"khalifa"
"2356",2,"khodr"
"2357",2,"kills"
"2358",2,"kilometres"
"2359",2,"kinds"
"2360",2,"kingdom"
"2361",2,"landmines"
"2362",2,"lands"
"2363",2,"lashkar"
"2364",2,"launch"
"2365",2,"lavrov"
"2366",2,"learning"
"2367",2,"legal"
"2368",2,"legend"
"2369",2,"leila"
"2370",2,"leone"
"2371",2,"letters"
"2372",2,"level"
"2373",2,"levy"
"2374",2,"liberated"
"2375",2,"lieutenant"
"2376",2,"limbo"
"2377",2,"limits"
"2378",2,"listed"
"2379",2,"lobby"
"2380",2,"locals"
"2381",2,"located"
"2382",2,"locked"
"2383",2,"london"
"2384",2,"longest"
"2385",2,"love"
"2386",2,"loyal"
"2387",2,"lure"
"2388",2,"maintain"
"2389",2,"male"
"2390",2,"manjib"
"2391",2,"manner"
"2392",2,"mansour"
"2393",2,"maria"
"2394",2,"marine"
"2395",2,"marked"
"2396",2,"marks"
"2397",2,"maryam"
"2398",2,"mass"
"2399",2,"massacre"
"2400",2,"matter"
"2401",2,"mechanism"
"2402",2,"mechanisms"
"2403",2,"memorandum"
"2404",2,"mentioning"
"2405",2,"mercilessly"
"2406",2,"meridiana"
"2407",2,"mike"
"2408",2,"millions"
"2409",2,"mindanao"
"2410",2,"minor"
"2411",2,"misraba"
"2412",2,"missile"
"2413",2,"missing"
"2414",2,"model"
"2415",2,"modeling"
"2416",2,"moderate"
"2417",2,"monitor"
"2418",2,"motto"
"2419",2,"mou"
"2420",2,"moumtzis"
"2421",2,"mounted"
"2422",2,"muammar"
"2423",2,"musicians"
"2424",2,"najib"
"2425",2,"names"
"2426",2,"naming"
"2427",2,"nationalism"
"2428",2,"nationalist"
"2429",2,"nature"
"2430",2,"nebenzia"
"2431",2,"negotiate"
"2432",2,"negotiating"
"2433",2,"neutralised"
"2434",2,"neutralising"
"2435",2,"nevertheless"
"2436",2,"nhrc"
"2437",2,"nicholson"
"2438",2,"night"
"2439",2,"none"
"2440",2,"noor"
"2441",2,"northeast"
"2442",2,"notorious"
"2443",2,"nour"
"2444",2,"numerous"
"2445",2,"nusrah"
"2446",2,"objectives"
"2447",2,"observation"
"2448",2,"obvious"
"2449",2,"obviously"
"2450",2,"occupies"
"2451",2,"occurred"
"2452",2,"ogras"
"2453",2,"online"
"2454",2,"openly"
"2455",2,"oppedisano"
"2456",2,"opportunity"
"2457",2,"opposed"
"2458",2,"opposes"
"2459",2,"ordinary"
"2460",2,"organisers"
"2461",2,"organises"
"2462",2,"organization"
"2463",2,"outlets"
"2464",2,"outraged"
"2465",2,"overlap"
"2466",2,"palace"
"2467",2,"partners"
"2468",2,"pashtuns"
"2469",2,"patrol"
"2470",2,"pattern"
"2471",2,"paul"
"2472",2,"pence"
"2473",2,"percentage"
"2474",2,"perception"
"2475",2,"perceptions"
"2476",2,"perhaps"
"2477",2,"permanently"
"2478",2,"personal"
"2479",2,"pesos"
"2480",2,"phase"
"2481",2,"picture"
"2482",2,"pilot"
"2483",2,"players"
"2484",2,"pledges"
"2485",2,"plot"
"2486",2,"policeman"
"2487",2,"policemen"
"2488",2,"poll"
"2489",2,"poorest"
"2490",2,"posters"
"2491",2,"posting"
"2492",2,"pounds"
"2493",2,"powerful"
"2494",2,"predecessor"
"2495",2,"presided"
"2496",2,"presidents"
"2497",2,"preventing"
"2498",2,"pride"
"2499",2,"prince"
"2500",2,"private"
"2501",2,"probably"
"2502",2,"product"
"2503",2,"promises"
"2504",2,"promoting"
"2505",2,"proposed"
"2506",2,"prospect"
"2507",2,"protector"
"2508",2,"prove"
"2509",2,"provoked"
"2510",2,"pull"
"2511",2,"punishment"
"2512",2,"pursue"
"2513",2,"pushing"
"2514",2,"qaeeda"
"2515",2,"qazi"
"2516",2,"quest"
"2517",2,"questioned"
"2518",2,"quite"
"2519",2,"qusai"
"2520",2,"rabbu"
"2521",2,"radicalisation"
"2522",2,"raising"
"2523",2,"rally"
"2524",2,"rallying"
"2525",2,"ramadi"
"2526",2,"rao"
"2527",2,"rating"
"2528",2,"reaching"
"2529",2,"reacted"
"2530",2,"reaction"
"2531",2,"reagan"
"2532",2,"realise"
"2533",2,"really"
"2534",2,"reason"
"2535",2,"recognition"
"2536",2,"record"
"2537",2,"recorded"
"2538",2,"recruiting"
"2539",2,"reduce"
"2540",2,"refuse"
"2541",2,"regarded"
"2542",2,"regret"
"2543",2,"regular"
"2544",2,"regulations"
"2545",2,"reintegration"
"2546",2,"rejeb"
"2547",2,"rejection"
"2548",2,"rejects"
"2549",2,"relatives"
"2550",2,"relevant"
"2551",2,"remember"
"2552",2,"remote"
"2553",2,"reorganisation"
"2554",2,"repatriate"
"2555",2,"repatriated"
"2556",2,"repel"
"2557",2,"represent"
"2558",2,"require"
"2559",2,"research"
"2560",2,"reservations"
"2561",2,"reserves"
"2562",2,"resident"
"2563",2,"resolved"
"2564",2,"rest"
"2565",2,"restaurant"
"2566",2,"restive"
"2567",2,"restoration"
"2568",2,"restoring"
"2569",2,"restrictions"
"2570",2,"resulted"
"2571",2,"retaken"
"2572",2,"retired"
"2573",2,"reunification"
"2574",2,"revealing"
"2575",2,"revolt"
"2576",2,"rhetoric"
"2577",2,"richard"
"2578",2,"rifle"
"2579",2,"rising"
"2580",2,"roadside"
"2581",2,"rocket"
"2582",2,"rodrigo"
"2583",2,"rome"
"2584",2,"rooted"
"2585",2,"roots"
"2586",2,"rose"
"2587",2,"routes"
"2588",2,"routinely"
"2589",2,"rules"
"2590",2,"ruling"
"2591",2,"rural"
"2592",2,"sabratha"
"2593",2,"sake"
"2594",2,"sami"
"2595",2,"sanaa"
"2596",2,"sanctions"
"2597",2,"sanctuary"
"2598",2,"saw"
"2599",2,"scenario"
"2600",2,"schooled"
"2601",2,"searching"
"2602",2,"secularism"
"2603",2,"secure"
"2604",2,"secured"
"2605",2,"send"
"2606",2,"separated"
"2607",2,"separation"
"2608",2,"seriously"
"2609",2,"severed"
"2610",2,"shall"
"2611",2,"shape"
"2612",2,"shared"
"2613",2,"sharing"
"2614",2,"sharp"
"2615",2,"shattered"
"2616",2,"shelling"
"2617",2,"shereena"
"2618",2,"shereenaqazi"
"2619",2,"shield"
"2620",2,"shocking"
"2621",2,"shrinking"
"2622",2,"sierra"
"2623",2,"sight"
"2624",2,"signatories"
"2625",2,"simply"
"2626",2,"site"
"2627",2,"socialist"
"2628",2,"soft"
"2629",2,"soon"
"2630",2,"sounded"
"2631",2,"southwest"
"2632",2,"sovereign"
"2633",2,"sparked"
"2634",2,"spearheaded"
"2635",2,"specifically"
"2636",2,"specifying"
"2637",2,"spencer"
"2638",2,"spend"
"2639",2,"spending"
"2640",2,"spillover"
"2641",2,"sponsors"
"2642",2,"square"
"2643",2,"stakeholders"
"2644",2,"stands"
"2645",2,"starting"
"2646",2,"stationed"
"2647",2,"staunch"
"2648",2,"stay"
"2649",2,"stephane"
"2650",2,"stockpiles"
"2651",2,"stopping"
"2652",2,"storm"
"2653",2,"strange"
"2654",2,"strengthen"
"2655",2,"stressed"
"2656",2,"strictly"
"2657",2,"strikes"
"2658",2,"student"
"2659",2,"succeeded"
"2660",2,"successor"
"2661",2,"suffocated"
"2662",2,"suffocating"
"2663",2,"suffocation"
"2664",2,"summer"
"2665",2,"supposed"
"2666",2,"supposedly"
"2667",2,"surest"
"2668",2,"surface"
"2669",2,"surfaced"
"2670",2,"survive"
"2671",2,"survived"
"2672",2,"suspicious"
"2673",2,"swathes"
"2674",2,"swaths"
"2675",2,"sweden"
"2676",2,"swept"
"2677",2,"sympathy"
"2678",2,"tackle"
"2679",2,"tactics"
"2680",2,"tahaffuz"
"2681",2,"tajik"
"2682",2,"takes"
"2683",2,"tal"
"2684",2,"talking"
"2685",2,"tangible"
"2686",2,"task"
"2687",2,"team"
"2688",2,"teams"
"2689",2,"tehran"
"2690",2,"television"
"2691",2,"tell"
"2692",2,"temporary"
"2693",2,"territorial"
"2694",2,"thanks"
"2695",2,"thinks"
"2696",2,"thousand"
"2697",2,"threaten"
"2698",2,"threatens"
"2699",2,"thus"
"2700",2,"tilt"
"2701",2,"timing"
"2702",2,"tony"
"2703",2,"tool"
"2704",2,"toppling"
"2705",2,"toughest"
"2706",2,"tournament"
"2707",2,"toward"
"2708",2,"traditional"
"2709",2,"transaction"
"2710",2,"transfer"
"2711",2,"transparency"
"2712",2,"transport"
"2713",2,"treat"
"2714",2,"treated"
"2715",2,"treatment"
"2716",2,"tribe"
"2717",2,"tribesmen"
"2718",2,"turned"
"2719",2,"turning"
"2720",2,"twenty"
"2721",2,"type"
"2722",2,"uav"
"2723",2,"ugly"
"2724",2,"uighurs"
"2725",2,"ultranationalist"
"2726",2,"unconditional"
"2727",2,"undertakings"
"2728",2,"undoubtedly"
"2729",2,"unfavourable"
"2730",2,"unfortunately"
"2731",2,"unleashing"
"2732",2,"unprecedented"
"2733",2,"unsc"
"2734",2,"unwelcomed"
"2735",2,"uras"
"2736",2,"urge"
"2737",2,"urgently"
"2738",2,"urging"
"2739",2,"usual"
"2740",2,"usually"
"2741",2,"utmost"
"2742",2,"vacuum"
"2743",2,"valley"
"2744",2,"vandalism"
"2745",2,"vandalized"
"2746",2,"version"
"2747",2,"video"
"2748",2,"videos"
"2749",2,"violating"
"2750",2,"visa"
"2751",2,"volatile"
"2752",2,"vote"
"2753",2,"vowing"
"2754",2,"wave"
"2755",2,"ways"
"2756",2,"weakened"
"2757",2,"weakening"
"2758",2,"welcomed"
"2759",2,"widely"
"2760",2,"widows"
"2761",2,"withdrawing"
"2762",2,"withdrew"
"2763",2,"worst"
"2764",2,"wounds"
"2765",2,"written"
"2766",2,"wrong"
"2767",2,"xinhua"
"2768",2,"yamamoto"
"2769",2,"yearning"
"2770",2,"yevkurov"
"2771",2,"yunus"
"2772",2,"zalzberg"
"2773",2,"zeid"
"2774",2,"zeidan"
"2775",2,"zine"
"2776",2,"zinki"
"2777",1,"aba"
"2778",1,"abandonment"
"2779",1,"abdel"
"2780",1,"abdirahman"
"2781",1,"abduction"
"2782",1,"abdulaziz"
"2783",1,"abed"
"2784",1,"abolishing"
"2785",1,"absence"
"2786",1,"absent"
"2787",1,"absolute"
"2788",1,"absolutely"
"2789",1,"absurd"
"2790",1,"absurdity"
"2791",1,"abul"
"2792",1,"abuse"
"2793",1,"academic"
"2794",1,"acceptable"
"2795",1,"accepting"
"2796",1,"accessing"
"2797",1,"accommodation"
"2798",1,"accord"
"2799",1,"accorded"
"2800",1,"accountability"
"2801",1,"accounting"
"2802",1,"accurate"
"2803",1,"achievements"
"2804",1,"acknowledge"
"2805",1,"acknowledgment"
"2806",1,"acted"
"2807",1,"actor"
"2808",1,"actually"
"2809",1,"acute"
"2810",1,"ada"
"2811",1,"addition"
"2812",1,"additionally"
"2813",1,"adhered"
"2814",1,"adjacent"
"2815",1,"adjust"
"2816",1,"administered"
"2817",1,"administrative"
"2818",1,"admit"
"2819",1,"admitting"
"2820",1,"adopted"
"2821",1,"adore"
"2822",1,"adriatic"
"2823",1,"adult"
"2824",1,"adventure"
"2825",1,"adversary"
"2826",1,"advised"
"2827",1,"advisory"
"2828",1,"advocate"
"2829",1,"afad"
"2830",1,"affect"
"2831",1,"affirm"
"2832",1,"afford"
"2833",1,"afghanistanâ"
"2834",1,"afloat"
"2835",1,"african"
"2836",1,"africans"
"2837",1,"aftermath"
"2838",1,"aged"
"2839",1,"agent"
"2840",1,"agglomeration"
"2841",1,"aggressors"
"2842",1,"agreeing"
"2843",1,"agricultural"
"2844",1,"agriculture"
"2845",1,"ahed"
"2846",1,"ahelbarra"
"2847",1,"ahi"
"2848",1,"ahmet"
"2849",1,"aicha"
"2850",1,"aids"
"2851",1,"airdrop"
"2852",1,"aishi"
"2853",1,"akbar"
"2854",1,"aksu"
"2855",1,"albeit"
"2856",1,"alberto"
"2857",1,"albil"
"2858",1,"aldar"
"2859",1,"alienating"
"2860",1,"alitalia"
"2861",1,"allah"
"2862",1,"allege"
"2863",1,"alleviate"
"2864",1,"allocates"
"2865",1,"alluding"
"2866",1,"alois"
"2867",1,"alt"
"2868",1,"altogether"
"2869",1,"alwani"
"2870",1,"amaq"
"2871",1,"ambulances"
"2872",1,"ambush"
"2873",1,"ambushed"
"2874",1,"amending"
"2875",1,"amidst"
"2876",1,"amnesty"
"2877",1,"amounts"
"2878",1,"analogy"
"2879",1,"analysis"
"2880",1,"ancestors"
"2881",1,"ancestral"
"2882",1,"angie"
"2883",1,"angrily"
"2884",1,"angry"
"2885",1,"anonymity"
"2886",1,"ansar"
"2887",1,"answer"
"2888",1,"anthony"
"2889",1,"anthropology"
"2890",1,"anybody"
"2891",1,"anywhere"
"2892",1,"apologised"
"2893",1,"appalled"
"2894",1,"apparatus"
"2895",1,"appeals"
"2896",1,"applicants"
"2897",1,"approaching"
"2898",1,"appropriate"
"2899",1,"approximately"
"2900",1,"aqeebullah"
"2901",1,"arabian"
"2902",1,"arbitrary"
"2903",1,"arfaoui"
"2904",1,"arghandab"
"2905",1,"argues"
"2906",1,"arifi"
"2907",1,"armies"
"2908",1,"arming"
"2909",1,"arrests"
"2910",1,"arrival"
"2911",1,"arrogance"
"2912",1,"arsenal"
"2913",1,"arts"
"2914",1,"asad"
"2915",1,"asadhashim"
"2916",1,"ashes"
"2917",1,"aside"
"2918",1,"asking"
"2919",1,"aspects"
"2920",1,"assads"
"2921",1,"assadsaid"
"2922",1,"assailant"
"2923",1,"assailants"
"2924",1,"assassinated"
"2925",1,"assassinations"
"2926",1,"asserted"
"2927",1,"assets"
"2928",1,"assist"
"2929",1,"assistant"
"2930",1,"assists"
"2931",1,"ateq"
"2932",1,"atmar"
"2933",1,"atrocity"
"2934",1,"atta"
"2935",1,"attachment"
"2936",1,"attempted"
"2937",1,"attempting"
"2938",1,"attracted"
"2939",1,"audience"
"2940",1,"auditorium"
"2941",1,"auspices"
"2942",1,"austria"
"2943",1,"authored"
"2944",1,"authorised"
"2945",1,"authorising"
"2946",1,"authoritarian"
"2947",1,"authoritarianism"
"2948",1,"authors"
"2949",1,"automatic"
"2950",1,"autonomous"
"2951",1,"autopsy"
"2952",1,"available"
"2953",1,"avenge"
"2954",1,"aviation"
"2955",1,"aviv"
"2956",1,"awaiting"
"2957",1,"aware"
"2958",1,"awful"
"2959",1,"awkwardness"
"2960",1,"axis"
"2961",1,"azaz"
"2962",1,"baathists"
"2963",1,"backdrop"
"2964",1,"background"
"2965",1,"backwards"
"2966",1,"badran"
"2967",1,"baitullah"
"2968",1,"baker"
"2969",1,"bala"
"2970",1,"balkans"
"2971",1,"balkh"
"2972",1,"ban"
"2973",1,"bana"
"2974",1,"bankruptcy"
"2975",1,"banner"
"2976",1,"banners"
"2977",1,"bantustans"
"2978",1,"bardakli"
"2979",1,"bardo"
"2980",1,"barrel"
"2981",1,"bashour"
"2982",1,"basic"
"2983",1,"basked"
"2984",1,"battering"
"2985",1,"battlefields"
"2986",1,"battles"
"2987",1,"battling"
"2988",1,"bayram"
"2989",1,"baz"
"2990",1,"beach"
"2991",1,"beaten"
"2992",1,"becoming"
"2993",1,"bed"
"2994",1,"beharovic"
"2995",1,"behaviour"
"2996",1,"beheaded"
"2997",1,"beirut"
"2998",1,"beit"
"2999",1,"belgium"
"3000",1,"bell"
"3001",1,"belonged"
"3002",1,"belongs"
"3003",1,"beneficial"
"3004",1,"bid"
"3005",1,"bilal"
"3006",1,"bilateral"
"3007",1,"bilkent"
"3008",1,"biological"
"3009",1,"biometric"
"3010",1,"bipartisan"
"3011",1,"birth"
"3012",1,"birthplace"
"3013",1,"bishops"
"3014",1,"bizarre"
"3015",1,"blackmailed"
"3016",1,"blames"
"3017",1,"blaming"
"3018",1,"blew"
"3019",1,"blighting"
"3020",1,"blind"
"3021",1,"block"
"3022",1,"blocked"
"3023",1,"blocking"
"3024",1,"blood"
"3025",1,"bloodied"
"3026",1,"blown"
"3027",1,"blunt"
"3028",1,"bluster"
"3029",1,"bnp"
"3030",1,"board"
"3031",1,"boasted"
"3032",1,"boats"
"3033",1,"bog"
"3034",1,"bogus"
"3035",1,"boiling"
"3036",1,"boluk"
"3037",1,"bombardments"
"3038",1,"bombed"
"3039",1,"bonsey"
"3040",1,"boost"
"3041",1,"bordering"
"3042",1,"borhan"
"3043",1,"botched"
"3044",1,"bothered"
"3045",1,"bought"
"3046",1,"bouthaina"
"3047",1,"brag"
"3048",1,"breaching"
"3049",1,"break"
"3050",1,"breakdown"
"3051",1,"bridge"
"3052",1,"brigadier"
"3053",1,"broached"
"3054",1,"broadcast"
"3055",1,"broadcaster"
"3056",1,"broadly"
"3057",1,"broidy"
"3058",1,"brokers"
"3059",1,"brunt"
"3060",1,"buildings"
"3061",1,"bullet"
"3062",1,"bullets"
"3063",1,"bulwark"
"3064",1,"buoy"
"3065",1,"buoyed"
"3066",1,"bureau"
"3067",1,"burn"
"3068",1,"burned"
"3069",1,"burst"
"3070",1,"business"
"3071",1,"bussed"
"3072",1,"buy"
"3073",1,"bypassing"
"3074",1,"bystander"
"3075",1,"cache"
"3076",1,"caliph"
"3077",1,"callousness"
"3078",1,"camera"
"3079",1,"campaigns"
"3080",1,"cancelled"
"3081",1,"capability"
"3082",1,"capacity"
"3083",1,"card"
"3084",1,"career"
"3085",1,"carefully"
"3086",1,"carlos"
"3087",1,"carve"
"3088",1,"carved"
"3089",1,"catastrophic"
"3090",1,"catholic"
"3091",1,"catholics"
"3092",1,"causes"
"3093",1,"cautiously"
"3094",1,"cede"
"3095",1,"celebrate"
"3096",1,"cells"
"3097",1,"centuries"
"3098",1,"chakhansuri"
"3099",1,"challenges"
"3100",1,"chance"
"3101",1,"changer"
"3102",1,"changing"
"3103",1,"chaos"
"3104",1,"chaotic"
"3105",1,"charge"
"3106",1,"cheapest"
"3107",1,"chechnya"
"3108",1,"chieftain"
"3109",1,"chilling"
"3110",1,"chimed"
"3111",1,"choice"
"3112",1,"cholera"
"3113",1,"choose"
"3114",1,"chose"
"3115",1,"christian"
"3116",1,"christmas"
"3117",1,"chunk"
"3118",1,"church"
"3119",1,"circles"
"3120",1,"circulated"
"3121",1,"citizen"
"3122",1,"citizenship"
"3123",1,"civic"
"3124",1,"civildefense"
"3125",1,"clashing"
"3126",1,"classified"
"3127",1,"cleansing"
"3128",1,"clearing"
"3129",1,"cleric"
"3130",1,"clogged"
"3131",1,"closed"
"3132",1,"closest"
"3133",1,"closure"
"3134",1,"cloud"
"3135",1,"cnn"
"3136",1,"coal"
"3137",1,"coastal"
"3138",1,"coffin"
"3139",1,"collaborators"
"3140",1,"colleagues"
"3141",1,"colonialist"
"3142",1,"combating"
"3143",1,"combination"
"3144",1,"combined"
"3145",1,"command"
"3146",1,"commemorate"
"3147",1,"commendable"
"3148",1,"comment"
"3149",1,"commentator"
"3150",1,"commentators"
"3151",1,"commenting"
"3152",1,"commission"
"3153",1,"commits"
"3154",1,"committing"
"3155",1,"commonly"
"3156",1,"communists"
"3157",1,"company"
"3158",1,"competing"
"3159",1,"competition"
"3160",1,"complain"
"3161",1,"complication"
"3162",1,"component"
"3163",1,"concealed"
"3164",1,"concealing"
"3165",1,"concentrated"
"3166",1,"concentrating"
"3167",1,"concentration"
"3168",1,"conception"
"3169",1,"concerning"
"3170",1,"conciliatory"
"3171",1,"concluded"
"3172",1,"conclusion"
"3173",1,"concrete"
"3174",1,"concussion"
"3175",1,"condemn"
"3176",1,"conducted"
"3177",1,"conducting"
"3178",1,"confidence"
"3179",1,"confined"
"3180",1,"confirming"
"3181",1,"conflicted"
"3182",1,"conflicting"
"3183",1,"confrontations"
"3184",1,"confronted"
"3185",1,"confronting"
"3186",1,"congratulated"
"3187",1,"congressmen"
"3188",1,"connivance"
"3189",1,"conquer"
"3190",1,"conricus"
"3191",1,"cons"
"3192",1,"consensus"
"3193",1,"consequence"
"3194",1,"conservative"
"3195",1,"consider"
"3196",1,"considerable"
"3197",1,"consistently"
"3198",1,"consistory"
"3199",1,"constantly"
"3200",1,"constitute"
"3201",1,"constitutional"
"3202",1,"construct"
"3203",1,"construction"
"3204",1,"consultations"
"3205",1,"contacted"
"3206",1,"contain"
"3207",1,"containment"
"3208",1,"contemplate"
"3209",1,"contested"
"3210",1,"contiguous"
"3211",1,"continuing"
"3212",1,"continuous"
"3213",1,"continuously"
"3214",1,"contracted"
"3215",1,"contradiction"
"3216",1,"contradictory"
"3217",1,"contrary"
"3218",1,"controversy"
"3219",1,"convenience"
"3220",1,"conventions"
"3221",1,"conversations"
"3222",1,"conviction"
"3223",1,"convoys"
"3224",1,"cooperative"
"3225",1,"coordinated"
"3226",1,"coordination"
"3227",1,"coordinator"
"3228",1,"copy"
"3229",1,"cornicus"
"3230",1,"corps"
"3231",1,"correspondence"
"3232",1,"costliest"
"3233",1,"countered"
"3234",1,"counterparts"
"3235",1,"counterproductive"
"3236",1,"countless"
"3237",1,"countrywide"
"3238",1,"couple"
"3239",1,"coupled"
"3240",1,"courage"
"3241",1,"courageous"
"3242",1,"cover"
"3243",1,"coverage"
"3244",1,"cpp"
"3245",1,"creating"
"3246",1,"credible"
"3247",1,"credited"
"3248",1,"crew"
"3249",1,"cries"
"3250",1,"criminals"
"3251",1,"crippled"
"3252",1,"criticized"
"3253",1,"critics"
"3254",1,"crossed"
"3255",1,"crown"
"3256",1,"crucial"
"3257",1,"crucially"
"3258",1,"crude"
"3259",1,"cruel"
"3260",1,"crusade"
"3261",1,"crying"
"3262",1,"cuba"
"3263",1,"daghr"
"3264",1,"dana"
"3265",1,"danforth"
"3266",1,"dangerously"
"3267",1,"daniel"
"3268",1,"danielle"
"3269",1,"darak"
"3270",1,"dare"
"3271",1,"daunting"
"3272",1,"david"
"3273",1,"dawn"
"3274",1,"debates"
"3275",1,"debris"
"3276",1,"decade"
"3277",1,"deceased"
"3278",1,"decimated"
"3279",1,"declarations"
"3280",1,"declare"
"3281",1,"declaring"
"3282",1,"declined"
"3283",1,"declining"
"3284",1,"deconfliction"
"3285",1,"decrease"
"3286",1,"defeated"
"3287",1,"defeating"
"3288",1,"defeats"
"3289",1,"defector"
"3290",1,"defends"
"3291",1,"defenses"
"3292",1,"deficit"
"3293",1,"defuse"
"3294",1,"defusing"
"3295",1,"degrade"
"3296",1,"delattre"
"3297",1,"delayed"
"3298",1,"delivering"
"3299",1,"delving"
"3300",1,"dem"
"3301",1,"demarcation"
"3302",1,"demise"
"3303",1,"demographics"
"3304",1,"demonstrate"
"3305",1,"demonstration"
"3306",1,"demonstrations"
"3307",1,"demoting"
"3308",1,"denial"
"3309",1,"denials"
"3310",1,"denier"
"3311",1,"denmark"
"3312",1,"denounced"
"3313",1,"denounces"
"3314",1,"denouncing"
"3315",1,"departure"
"3316",1,"dependent"
"3317",1,"depict"
"3318",1,"depicting"
"3319",1,"deploy"
"3320",1,"deport"
"3321",1,"deporting"
"3322",1,"depot"
"3323",1,"deputies"
"3324",1,"descent"
"3325",1,"describe"
"3326",1,"desert"
"3327",1,"deserves"
"3328",1,"desire"
"3329",1,"desired"
"3330",1,"desolate"
"3331",1,"desperation"
"3332",1,"destroy"
"3333",1,"destroying"
"3334",1,"detainee"
"3335",1,"detaining"
"3336",1,"detains"
"3337",1,"detect"
"3338",1,"detention"
"3339",1,"deteriorate"
"3340",1,"deteriorating"
"3341",1,"detracted"
"3342",1,"devastating"
"3343",1,"devastation"
"3344",1,"develop"
"3345",1,"developing"
"3346",1,"diabetes"
"3347",1,"dichotomies"
"3348",1,"dichotomy"
"3349",1,"dictator"
"3350",1,"dictatorships"
"3351",1,"difference"
"3352",1,"dilemma"
"3353",1,"dimanche"
"3354",1,"directed"
"3355",1,"dirty"
"3356",1,"dis"
"3357",1,"disappointed"
"3358",1,"disconnected"
"3359",1,"discount"
"3360",1,"discourse"
"3361",1,"discrimination"
"3362",1,"discussions"
"3363",1,"disenchantment"
"3364",1,"disfunctional"
"3365",1,"disguised"
"3366",1,"dishonest"
"3367",1,"dislodge"
"3368",1,"disorder"
"3369",1,"dispatched"
"3370",1,"dispatching"
"3371",1,"displace"
"3372",1,"displeased"
"3373",1,"disposal"
"3374",1,"disputes"
"3375",1,"disregard"
"3376",1,"disrespected"
"3377",1,"dissipated"
"3378",1,"distress"
"3379",1,"distribute"
"3380",1,"distribution"
"3381",1,"diverted"
"3382",1,"diyala"
"3383",1,"dobbie"
"3384",1,"doctors"
"3385",1,"documentation"
"3386",1,"documents"
"3387",1,"dominate"
"3388",1,"dominic"
"3389",1,"donate"
"3390",1,"donations"
"3391",1,"doubt"
"3392",1,"doumasuffocating"
"3393",1,"dragged"
"3394",1,"dragging"
"3395",1,"dramatic"
"3396",1,"draped"
"3397",1,"drastically"
"3398",1,"draw"
"3399",1,"drawn"
"3400",1,"drifted"
"3401",1,"driven"
"3402",1,"dropped"
"3403",1,"drug"
"3404",1,"dumb"
"3405",1,"dutch"
"3406",1,"duterteâ"
"3407",1,"dying"
"3408",1,"eaked"
"3409",1,"earmarked"
"3410",1,"earn"
"3411",1,"earned"
"3412",1,"easily"
"3413",1,"easy"
"3414",1,"echoing"
"3415",1,"edge"
"3416",1,"educated"
"3417",1,"effective"
"3418",1,"effectively"
"3419",1,"efore"
"3420",1,"efraim"
"3421",1,"eighties"
"3422",1,"elderly"
"3423",1,"eldest"
"3424",1,"electorates"
"3425",1,"electricity"
"3426",1,"electronic"
"3427",1,"element"
"3428",1,"elephants"
"3429",1,"elite"
"3430",1,"elizabeth"
"3431",1,"elliot"
"3432",1,"elusive"
"3433",1,"emails"
"3434",1,"emands"
"3435",1,"emerge"
"3436",1,"emergence"
"3437",1,"emmanuel"
"3438",1,"emotional"
"3439",1,"emphasised"
"3440",1,"empire"
"3441",1,"employed"
"3442",1,"employment"
"3443",1,"empty"
"3444",1,"enabled"
"3445",1,"enact"
"3446",1,"encircle"
"3447",1,"encircled"
"3448",1,"endorsed"
"3449",1,"ends"
"3450",1,"energised"
"3451",1,"engagement"
"3452",1,"engagements"
"3453",1,"engineered"
"3454",1,"engineers"
"3455",1,"enhance"
"3456",1,"enjoyed"
"3457",1,"enjoys"
"3458",1,"enormous"
"3459",1,"enticed"
"3460",1,"entire"
"3461",1,"entirety"
"3462",1,"entity"
"3463",1,"equal"
"3464",1,"equality"
"3465",1,"equated"
"3466",1,"equation"
"3467",1,"equations"
"3468",1,"equip"
"3469",1,"eradication"
"3470",1,"escape"
"3471",1,"escaped"
"3472",1,"escaping"
"3473",1,"estimates"
"3474",1,"etc"
"3475",1,"ethnicity"
"3476",1,"ethnocentric"
"3477",1,"evangelical"
"3478",1,"eve"
"3479",1,"evening"
"3480",1,"event"
"3481",1,"evict"
"3482",1,"eviction"
"3483",1,"evil"
"3484",1,"evoked"
"3485",1,"evran"
"3486",1,"exact"
"3487",1,"exceed"
"3488",1,"exceeded"
"3489",1,"exceeds"
"3490",1,"exchange"
"3491",1,"excludes"
"3492",1,"exclusive"
"3493",1,"exclusively"
"3494",1,"exempted"
"3495",1,"exercise"
"3496",1,"existed"
"3497",1,"existing"
"3498",1,"exists"
"3499",1,"exit"
"3500",1,"expand"
"3501",1,"expanses"
"3502",1,"expansionist"
"3503",1,"expect"
"3504",1,"expects"
"3505",1,"expense"
"3506",1,"expensive"
"3507",1,"experienced"
"3508",1,"experiences"
"3509",1,"experiencing"
"3510",1,"explaining"
"3511",1,"explanation"
"3512",1,"exporters"
"3513",1,"express"
"3514",1,"expressing"
"3515",1,"expulsion"
"3516",1,"expulsions"
"3517",1,"extend"
"3518",1,"external"
"3519",1,"extortion"
"3520",1,"extrajudicial"
"3521",1,"eye"
"3522",1,"eyed"
"3523",1,"ezzeddine"
"3524",1,"fabrication"
"3525",1,"facebookpage"
"3526",1,"faced"
"3527",1,"faces"
"3528",1,"facilitates"
"3529",1,"facilitating"
"3530",1,"facilitation"
"3531",1,"faction"
"3532",1,"factory"
"3533",1,"fail"
"3534",1,"failing"
"3535",1,"fainted"
"3536",1,"fair"
"3537",1,"fake"
"3538",1,"falluja"
"3539",1,"fallujah"
"3540",1,"falsely"
"3541",1,"fame"
"3542",1,"fans"
"3543",1,"fata"
"3544",1,"fatah"
"3545",1,"fathers"
"3546",1,"fatigues"
"3547",1,"fatima"
"3548",1,"fattah"
"3549",1,"fawaz"
"3550",1,"fbi"
"3551",1,"feared"
"3552",1,"features"
"3553",1,"fedayeen"
"3554",1,"federalism"
"3555",1,"federica"
"3556",1,"feels"
"3557",1,"fences"
"3558",1,"fended"
"3559",1,"ferocity"
"3560",1,"feud"
"3561",1,"fewer"
"3562",1,"fierce"
"3563",1,"filed"
"3564",1,"finance"
"3565",1,"financially"
"3566",1,"financing"
"3567",1,"findings"
"3568",1,"finds"
"3569",1,"finger"
"3570",1,"finishes"
"3571",1,"fiore"
"3572",1,"fiscal"
"3573",1,"fits"
"3574",1,"flag"
"3575",1,"flagrant"
"3576",1,"flagship"
"3577",1,"fledged"
"3578",1,"fleeing"
"3579",1,"fleet"
"3580",1,"flex"
"3581",1,"flexing"
"3582",1,"flour"
"3583",1,"flow"
"3584",1,"focuses"
"3585",1,"foiled"
"3586",1,"folder"
"3587",1,"follows"
"3588",1,"foot"
"3589",1,"footage"
"3590",1,"footholds"
"3591",1,"forbidding"
"3592",1,"forcibly"
"3593",1,"forcing"
"3594",1,"foreigners"
"3595",1,"forget"
"3596",1,"formal"
"3597",1,"formally"
"3598",1,"forth"
"3599",1,"fortress"
"3600",1,"forums"
"3601",1,"forward"
"3602",1,"foster"
"3603",1,"foundation"
"3604",1,"foundations"
"3605",1,"founding"
"3606",1,"fractured"
"3607",1,"fractures"
"3608",1,"francois"
"3609",1,"frenchman"
"3610",1,"frequency"
"3611",1,"frequent"
"3612",1,"frictions"
"3613",1,"friendships"
"3614",1,"frightening"
"3615",1,"frontal"
"3616",1,"frontier"
"3617",1,"fulfil"
"3618",1,"fulfilling"
"3619",1,"fun"
"3620",1,"fundamental"
"3621",1,"fundamentalism"
"3622",1,"fundraiser"
"3623",1,"furthermore"
"3624",1,"fury"
"3625",1,"gabriel"
"3626",1,"gah"
"3627",1,"gang"
"3628",1,"gangsters"
"3629",1,"gap"
"3630",1,"gar"
"3631",1,"garment"
"3632",1,"gassing"
"3633",1,"gate"
"3634",1,"gather"
"3635",1,"gaziantep"
"3636",1,"generally"
"3637",1,"generators"
"3638",1,"genitals"
"3639",1,"gerasimov"
"3640",1,"gideon"
"3641",1,"girl"
"3642",1,"globalist"
"3643",1,"globalists"
"3644",1,"gold"
"3645",1,"golden"
"3646",1,"gomal"
"3647",1,"goods"
"3648",1,"gotten"
"3649",1,"governance"
"3650",1,"governmentâ"
"3651",1,"grabbed"
"3652",1,"grabbing"
"3653",1,"gradually"
"3654",1,"grand"
"3655",1,"grandfather"
"3656",1,"grandson"
"3657",1,"grateful"
"3658",1,"greatness"
"3659",1,"greece"
"3660",1,"greek"
"3661",1,"grew"
"3662",1,"grey"
"3663",1,"gross"
"3664",1,"grows"
"3665",1,"gruelling"
"3666",1,"guarded"
"3667",1,"guardian"
"3668",1,"guests"
"3669",1,"guido"
"3670",1,"gul"
"3671",1,"gulbuddin"
"3672",1,"gun"
"3673",1,"gunmen"
"3674",1,"haaretz"
"3675",1,"habib"
"3676",1,"hadn"
"3677",1,"hails"
"3678",1,"hairstyles"
"3679",1,"hakeemullah"
"3680",1,"haley"
"3681",1,"hall"
"3682",1,"halt"
"3683",1,"halted"
"3684",1,"hamas"
"3685",1,"hameed"
"3686",1,"hamidi"
"3687",1,"hamza"
"3688",1,"han"
"3689",1,"hanging"
"3690",1,"hanif"
"3691",1,"happening"
"3692",1,"happens"
"3693",1,"harassing"
"3694",1,"hardline"
"3695",1,"hardliners"
"3696",1,"hardly"
"3697",1,"harmed"
"3698",1,"harming"
"3699",1,"harness"
"3700",1,"haroon"
"3701",1,"harry"
"3702",1,"hashd"
"3703",1,"hashem"
"3704",1,"hashim"
"3705",1,"hashtag"
"3706",1,"hassan"
"3707",1,"hat"
"3708",1,"hawkish"
"3709",1,"hayatullah"
"3710",1,"healthcare"
"3711",1,"heeding"
"3712",1,"heels"
"3713",1,"hegemony"
"3714",1,"heiko"
"3715",1,"heir"
"3716",1,"hekmatyar"
"3717",1,"helicopter"
"3718",1,"helps"
"3719",1,"hide"
"3720",1,"hiding"
"3721",1,"highlights"
"3722",1,"hijab"
"3723",1,"himo"
"3724",1,"hired"
"3725",1,"hiring"
"3726",1,"historical"
"3727",1,"hits"
"3728",1,"holding"
"3729",1,"holds"
"3730",1,"holes"
"3731",1,"homeland"
"3732",1,"honest"
"3733",1,"hopeful"
"3734",1,"horns"
"3735",1,"hosni"
"3736",1,"hospitalised"
"3737",1,"hostage"
"3738",1,"hotan"
"3739",1,"hounded"
"3740",1,"household"
"3741",1,"housing"
"3742",1,"hugely"
"3743",1,"humane"
"3744",1,"humanising"
"3745",1,"humvee"
"3746",1,"hundred"
"3747",1,"hurdle"
"3748",1,"hurts"
"3749",1,"hysterical"
"3750",1,"ibn"
"3751",1,"icao"
"3752",1,"ideas"
"3753",1,"identifying"
"3754",1,"identites"
"3755",1,"idf"
"3756",1,"idol"
"3757",1,"ied"
"3758",1,"ignorance"
"3759",1,"ignored"
"3760",1,"illegally"
"3761",1,"images"
"3762",1,"imams"
"3763",1,"immigrant"
"3764",1,"immigrants"
"3765",1,"immigration"
"3766",1,"imminent"
"3767",1,"imperative"
"3768",1,"imperialism"
"3769",1,"imply"
"3770",1,"importantly"
"3771",1,"impose"
"3772",1,"imposes"
"3773",1,"impressive"
"3774",1,"improve"
"3775",1,"improved"
"3776",1,"imran"
"3777",1,"inauguration"
"3778",1,"incendiary"
"3779",1,"incentives"
"3780",1,"inception"
"3781",1,"incites"
"3782",1,"inciting"
"3783",1,"inclination"
"3784",1,"inclusive"
"3785",1,"incorporates"
"3786",1,"increases"
"3787",1,"independently"
"3788",1,"indexing"
"3789",1,"india"
"3790",1,"indicative"
"3791",1,"indirect"
"3792",1,"indiscriminate"
"3793",1,"indispensable"
"3794",1,"individual"
"3795",1,"industry"
"3796",1,"ineffective"
"3797",1,"ineligible"
"3798",1,"infamous"
"3799",1,"infantry"
"3800",1,"infants"
"3801",1,"infiltrate"
"3802",1,"infiltrated"
"3803",1,"inflicted"
"3804",1,"influential"
"3805",1,"influx"
"3806",1,"information"
"3807",1,"ing"
"3808",1,"ingredients"
"3809",1,"inhumane"
"3810",1,"initiated"
"3811",1,"initiative"
"3812",1,"initiatives"
"3813",1,"injure"
"3814",1,"innocence"
"3815",1,"insecurity"
"3816",1,"insist"
"3817",1,"insisted"
"3818",1,"inspect"
"3819",1,"inspiration"
"3820",1,"insulting"
"3821",1,"intellectual"
"3822",1,"intellectuals"
"3823",1,"intended"
"3824",1,"intensive"
"3825",1,"intensively"
"3826",1,"interaction"
"3827",1,"intercepting"
"3828",1,"intercontinental"
"3829",1,"interference"
"3830",1,"interim"
"3831",1,"intermediary"
"3832",1,"internet"
"3833",1,"interpreter"
"3834",1,"interviews"
"3835",1,"invaded"
"3836",1,"invasion"
"3837",1,"invested"
"3838",1,"investigative"
"3839",1,"invited"
"3840",1,"invites"
"3841",1,"involve"
"3842",1,"involves"
"3843",1,"iom"
"3844",1,"iqbel"
"3845",1,"irony"
"3846",1,"irrefutable"
"3847",1,"irresponsible"
"3848",1,"isa"
"3849",1,"islami"
"3850",1,"islamophobia"
"3851",1,"islamophobic"
"3852",1,"island"
"3853",1,"islands"
"3854",1,"isolate"
"3855",1,"isolationism"
"3856",1,"issam"
"3857",1,"issuing"
"3858",1,"italians"
"3859",1,"ite"
"3860",1,"jaber"
"3861",1,"jakob"
"3862",1,"jan"
"3863",1,"japan"
"3864",1,"jarablus"
"3865",1,"jarusalem"
"3866",1,"jazeeraâ"
"3867",1,"jerome"
"3868",1,"jewish"
"3869",1,"jordanian"
"3870",1,"joshua"
"3871",1,"joulani"
"3872",1,"journal"
"3873",1,"journalism"
"3874",1,"judge"
"3875",1,"judgment"
"3876",1,"jumhouriya"
"3877",1,"justifications"
"3878",1,"kamran"
"3879",1,"kane"
"3880",1,"karim"
"3881",1,"kashgar"
"3882",1,"kawczynski"
"3883",1,"keenly"
"3884",1,"kerry"
"3885",1,"khalil"
"3886",1,"khaoula"
"3887",1,"khateeb"
"3888",1,"kicked"
"3889",1,"kidnapped"
"3890",1,"kidnapping"
"3891",1,"killedal"
"3892",1,"kino"
"3893",1,"kizilsu"
"3894",1,"klan"
"3895",1,"klux"
"3896",1,"knit"
"3897",1,"komsomolskaya"
"3898",1,"korean"
"3899",1,"kremlin"
"3900",1,"kunar"
"3901",1,"kuwaiti"
"3902",1,"labelled"
"3903",1,"labelling"
"3904",1,"labourer"
"3905",1,"lady"
"3906",1,"lahore"
"3907",1,"laid"
"3908",1,"landis"
"3909",1,"lasted"
"3910",1,"lasting"
"3911",1,"latter"
"3912",1,"laugh"
"3913",1,"launches"
"3914",1,"lawless"
"3915",1,"lawyers"
"3916",1,"lay"
"3917",1,"lays"
"3918",1,"learn"
"3919",1,"learned"
"3920",1,"lecturer"
"3921",1,"legally"
"3922",1,"legion"
"3923",1,"legislation"
"3924",1,"legislator"
"3925",1,"legislators"
"3926",1,"legitimacy"
"3927",1,"lend"
"3928",1,"lenderking"
"3929",1,"lengths"
"3930",1,"liberties"
"3931",1,"lid"
"3932",1,"lifetime"
"3933",1,"lift"
"3934",1,"lightning"
"3935",1,"likes"
"3936",1,"lily"
"3937",1,"linda"
"3938",1,"link"
"3939",1,"linking"
"3940",1,"links"
"3941",1,"listen"
"3942",1,"lists"
"3943",1,"lived"
"3944",1,"livelihood"
"3945",1,"loaded"
"3946",1,"lobbying"
"3947",1,"locally"
"3948",1,"lodge"
"3949",1,"logic"
"3950",1,"logistics"
"3951",1,"looms"
"3952",1,"loosely"
"3953",1,"losers"
"3954",1,"loss"
"3955",1,"loud"
"3956",1,"loving"
"3957",1,"lowest"
"3958",1,"lowly"
"3959",1,"loyalists"
"3960",1,"ludicrous"
"3961",1,"lumads"
"3962",1,"maan"
"3963",1,"madness"
"3964",1,"magazine"
"3965",1,"mainstream"
"3966",1,"makers"
"3967",1,"makes"
"3968",1,"mali"
"3969",1,"malir"
"3970",1,"management"
"3971",1,"mandated"
"3972",1,"manelis"
"3973",1,"mansur"
"3974",1,"maqdis"
"3975",1,"marched"
"3976",1,"mark"
"3977",1,"markers"
"3978",1,"market"
"3979",1,"marketed"
"3980",1,"marking"
"3981",1,"markings"
"3982",1,"married"
"3983",1,"martial"
"3984",1,"martyred"
"3985",1,"mashad"
"3986",1,"massacres"
"3987",1,"massoud"
"3988",1,"material"
"3989",1,"materialise"
"3990",1,"materialised"
"3991",1,"maternal"
"3992",1,"matin"
"3993",1,"meaning"
"3994",1,"meaningful"
"3995",1,"meaningless"
"3996",1,"measure"
"3997",1,"mechanic"
"3998",1,"mediator"
"3999",1,"medics"
"4000",1,"mediterranean"
"4001",1,"meetings"
"4002",1,"mehmet"
"4003",1,"memory"
"4004",1,"meshal"
"4005",1,"metre"
"4006",1,"mevlid"
"4007",1,"meygag"
"4008",1,"migration"
"4009",1,"militants"
"4010",1,"militiamen"
"4011",1,"mindset"
"4012",1,"mini"
"4013",1,"minimising"
"4014",1,"mining"
"4015",1,"ministerial"
"4016",1,"minute"
"4017",1,"misogynist"
"4018",1,"misrata"
"4019",1,"mobile"
"4020",1,"mobilisation"
"4021",1,"mobilization"
"4022",1,"modern"
"4023",1,"modernise"
"4024",1,"modest"
"4025",1,"mogherini"
"4026",1,"mohamed"
"4027",1,"mohaqiq"
"4028",1,"mohr"
"4029",1,"mokhtar"
"4030",1,"moments"
"4031",1,"monarchy"
"4032",1,"moncef"
"4033",1,"monia"
"4034",1,"monitors"
"4035",1,"montenegrin"
"4036",1,"moraca"
"4037",1,"moral"
"4038",1,"morale"
"4039",1,"moralistic"
"4040",1,"morality"
"4041",1,"morally"
"4042",1,"morgues"
"4043",1,"morning"
"4044",1,"morph"
"4045",1,"morphed"
"4046",1,"mosaic"
"4047",1,"mossad"
"4048",1,"mostafa"
"4049",1,"mothers"
"4050",1,"motive"
"4051",1,"motives"
"4052",1,"mourning"
"4053",1,"mouthpiece"
"4054",1,"moved"
"4055",1,"movements"
"4056",1,"moves"
"4057",1,"moving"
"4058",1,"mubarak"
"4059",1,"mugla"
"4060",1,"muhammad"
"4061",1,"multi"
"4062",1,"multilateral"
"4063",1,"municipal"
"4064",1,"murdered"
"4065",1,"murderous"
"4066",1,"muscle"
"4067",1,"muscles"
"4068",1,"mutlaq"
"4069",1,"mystery"
"4070",1,"myth"
"4071",1,"nad"
"4072",1,"naddah"
"4073",1,"nail"
"4074",1,"namely"
"4075",1,"nangarhar"
"4076",1,"narrated"
"4077",1,"narrates"
"4078",1,"narratives"
"4079",1,"narrowing"
"4080",1,"nashabiyah"
"4081",1,"nasrat"
"4082",1,"nasrullah"
"4083",1,"nationalists"
"4084",1,"nationwide"
"4085",1,"native"
"4086",1,"nativist"
"4087",1,"navy"
"4088",1,"nazi"
"4089",1,"nazionale"
"4090",1,"nazis"
"4091",1,"nds"
"4092",1,"neatly"
"4093",1,"necessity"
"4094",1,"neck"
"4095",1,"neglect"
"4096",1,"neglected"
"4097",1,"negotiated"
"4098",1,"neighbourhood"
"4099",1,"neighbourhoods"
"4100",1,"neill"
"4101",1,"ngo"
"4102",1,"ngos"
"4103",1,"nicer"
"4104",1,"nicholas"
"4105",1,"nick"
"4106",1,"nicolas"
"4107",1,"nightmare"
"4108",1,"nikki"
"4109",1,"nineveh"
"4110",1,"nixon"
"4111",1,"noah"
"4112",1,"noise"
"4113",1,"nonetheless"
"4114",1,"nonsense"
"4115",1,"normalise"
"4116",1,"normally"
"4117",1,"northwest"
"4118",1,"norway"
"4119",1,"notably"
"4120",1,"noting"
"4121",1,"nouri"
"4122",1,"nouveau"
"4123",1,"nudge"
"4124",1,"null"
"4125",1,"nuri"
"4126",1,"nursing"
"4127",1,"nutritional"
"4128",1,"obligations"
"4129",1,"oblivion"
"4130",1,"observations"
"4131",1,"obsessing"
"4132",1,"obtained"
"4133",1,"occasion"
"4134",1,"occasional"
"4135",1,"occasions"
"4136",1,"occur"
"4137",1,"ocha"
"4138",1,"odds"
"4139",1,"ofer"
"4140",1,"offence"
"4141",1,"offering"
"4142",1,"offers"
"4143",1,"offices"
"4144",1,"officially"
"4145",1,"oklahoma"
"4146",1,"older"
"4147",1,"oleg"
"4148",1,"olwan"
"4149",1,"ombing"
"4150",1,"omitted"
"4151",1,"omrane"
"4152",1,"openness"
"4153",1,"operating"
"4154",1,"opponent"
"4155",1,"oppose"
"4156",1,"oppressed"
"4157",1,"oppresses"
"4158",1,"oppressive"
"4159",1,"oppressors"
"4160",1,"optics"
"4161",1,"optimism"
"4162",1,"optimistic"
"4163",1,"orces"
"4164",1,"ordering"
"4165",1,"origin"
"4166",1,"orphan"
"4167",1,"orthodox"
"4168",1,"osman"
"4169",1,"otherwise"
"4170",1,"ousted"
"4171",1,"outbreak"
"4172",1,"outcasts"
"4173",1,"outcome"
"4174",1,"outlet"
"4175",1,"outlook"
"4176",1,"output"
"4177",1,"outrage"
"4178",1,"outright"
"4179",1,"overdramatise"
"4180",1,"overlaps"
"4181",1,"overriding"
"4182",1,"overrun"
"4183",1,"oversaw"
"4184",1,"overseen"
"4185",1,"oversight"
"4186",1,"oversimplified"
"4187",1,"overstated"
"4188",1,"overture"
"4189",1,"overwhelming"
"4190",1,"owner"
"4191",1,"package"
"4192",1,"page"
"4193",1,"paint"
"4194",1,"palladino"
"4195",1,"panel"
"4196",1,"panos"
"4197",1,"paradigm"
"4198",1,"parcels"
"4199",1,"parent"
"4200",1,"parentage"
"4201",1,"parents"
"4202",1,"parked"
"4203",1,"parliamentarians"
"4204",1,"participant"
"4205",1,"participants"
"4206",1,"participated"
"4207",1,"participating"
"4208",1,"partner"
"4209",1,"partnerships"
"4210",1,"pashtu"
"4211",1,"pass"
"4212",1,"passengers"
"4213",1,"patriots"
"4214",1,"pave"
"4215",1,"peak"
"4216",1,"pegged"
"4217",1,"pen"
"4218",1,"pending"
"4219",1,"penetrate"
"4220",1,"peoples"
"4221",1,"perceive"
"4222",1,"perceived"
"4223",1,"perfectly"
"4224",1,"performance"
"4225",1,"periodically"
"4226",1,"perpetrators"
"4227",1,"perpetuated"
"4228",1,"persistent"
"4229",1,"personnel"
"4230",1,"pertaining"
"4231",1,"peter"
"4232",1,"phd"
"4233",1,"photo"
"4234",1,"photographs"
"4235",1,"pictures"
"4236",1,"piece"
"4237",1,"pieces"
"4238",1,"pilots"
"4239",1,"placed"
"4240",1,"plain"
"4241",1,"plant"
"4242",1,"plate"
"4243",1,"plato"
"4244",1,"playbook"
"4245",1,"playing"
"4246",1,"plays"
"4247",1,"pleas"
"4248",1,"pledging"
"4249",1,"plo"
"4250",1,"plotting"
"4251",1,"pockets"
"4252",1,"pointed"
"4253",1,"pointing"
"4254",1,"poised"
"4255",1,"poland"
"4256",1,"polite"
"4257",1,"politically"
"4258",1,"poor"
"4259",1,"populace"
"4260",1,"populated"
"4261",1,"populations"
"4262",1,"populist"
"4263",1,"portable"
"4264",1,"portfolio"
"4265",1,"portraits"
"4266",1,"portrayed"
"4267",1,"poses"
"4268",1,"posing"
"4269",1,"positioned"
"4270",1,"positive"
"4271",1,"possibly"
"4272",1,"potent"
"4273",1,"potentially"
"4274",1,"pound"
"4275",1,"practice"
"4276",1,"pragmatic"
"4277",1,"pravda"
"4278",1,"precipitate"
"4279",1,"precise"
"4280",1,"precisely"
"4281",1,"precondition"
"4282",1,"predates"
"4283",1,"predictable"
"4284",1,"predicted"
"4285",1,"predominantly"
"4286",1,"prefectures"
"4287",1,"prefer"
"4288",1,"preference"
"4289",1,"preliminary"
"4290",1,"prepare"
"4291",1,"prerogative"
"4292",1,"presenter"
"4293",1,"presenting"
"4294",1,"preserved"
"4295",1,"pressed"
"4296",1,"presses"
"4297",1,"pressured"
"4298",1,"presumably"
"4299",1,"presumed"
"4300",1,"pretty"
"4301",1,"prevail"
"4302",1,"preventable"
"4303",1,"prevented"
"4304",1,"prevention"
"4305",1,"primato"
"4306",1,"principle"
"4307",1,"printed"
"4308",1,"prior"
"4309",1,"priorities"
"4310",1,"privately"
"4311",1,"privileges"
"4312",1,"problematic"
"4313",1,"problems"
"4314",1,"proceed"
"4315",1,"proceedings"
"4316",1,"processes"
"4317",1,"proclaims"
"4318",1,"proclamation"
"4319",1,"produce"
"4320",1,"produced"
"4321",1,"professor"
"4322",1,"professors"
"4323",1,"profile"
"4324",1,"profiling"
"4325",1,"programs"
"4326",1,"progress"
"4327",1,"prohibited"
"4328",1,"prolong"
"4329",1,"prolonged"
"4330",1,"promise"
"4331",1,"promising"
"4332",1,"promote"
"4333",1,"pronouncements"
"4334",1,"properly"
"4335",1,"prophesy"
"4336",1,"proposal"
"4337",1,"proposes"
"4338",1,"pros"
"4339",1,"protested"
"4340",1,"protesting"
"4341",1,"proud"
"4342",1,"proudly"
"4343",1,"proved"
"4344",1,"proven"
"4345",1,"proving"
"4346",1,"provocations"
"4347",1,"provocatively"
"4348",1,"provoking"
"4349",1,"pseudonym"
"4350",1,"psychological"
"4351",1,"publications"
"4352",1,"publicise"
"4353",1,"publicised"
"4354",1,"publicity"
"4355",1,"publicly"
"4356",1,"publish"
"4357",1,"pulled"
"4358",1,"pulling"
"4359",1,"purportedly"
"4360",1,"purpose"
"4361",1,"puts"
"4362",1,"putsch"
"4363",1,"putting"
"4364",1,"puzzled"
"4365",1,"qaim"
"4366",1,"quarters"
"4367",1,"quartet"
"4368",1,"quash"
"4369",1,"questioning"
"4370",1,"quietly"
"4371",1,"quit"
"4372",1,"raad"
"4373",1,"raced"
"4374",1,"rachel"
"4375",1,"racist"
"4376",1,"radar"
"4377",1,"radical"
"4378",1,"rage"
"4379",1,"rahimi"
"4380",1,"rajo"
"4381",1,"rallied"
"4382",1,"rampant"
"4383",1,"ran"
"4384",1,"range"
"4385",1,"rape"
"4386",1,"rare"
"4387",1,"rashid"
"4388",1,"rasool"
"4389",1,"ratings"
"4390",1,"rationale"
"4391",1,"ratta"
"4392",1,"ravaged"
"4393",1,"reaches"
"4394",1,"reacting"
"4395",1,"readiness"
"4396",1,"realised"
"4397",1,"realism"
"4398",1,"realpolitik"
"4399",1,"reassure"
"4400",1,"rebirth"
"4401",1,"rebuilt"
"4402",1,"recalling"
"4403",1,"recapture"
"4404",1,"reckless"
"4405",1,"reclaiming"
"4406",1,"recognising"
"4407",1,"recovered"
"4408",1,"recruitment"
"4409",1,"redefine"
"4410",1,"reduced"
"4411",1,"refer"
"4412",1,"reflecting"
"4413",1,"refocus"
"4414",1,"refrain"
"4415",1,"refrained"
"4416",1,"refuge"
"4417",1,"refusing"
"4418",1,"regard"
"4419",1,"regards"
"4420",1,"rehabilitation"
"4421",1,"rehash"
"4422",1,"reinvent"
"4423",1,"relative"
"4424",1,"release"
"4425",1,"relied"
"4426",1,"relies"
"4427",1,"relinquish"
"4428",1,"relinquished"
"4429",1,"relocation"
"4430",1,"remarkably"
"4431",1,"remembered"
"4432",1,"removal"
"4433",1,"remove"
"4434",1,"rendered"
"4435",1,"renounce"
"4436",1,"reopened"
"4437",1,"repatriating"
"4438",1,"repealed"
"4439",1,"repeat"
"4440",1,"represents"
"4441",1,"repression"
"4442",1,"republic"
"4443",1,"reputation"
"4444",1,"request"
"4445",1,"requirements"
"4446",1,"requires"
"4447",1,"researcher"
"4448",1,"researches"
"4449",1,"reserve"
"4450",1,"reserving"
"4451",1,"residential"
"4452",1,"resigned"
"4453",1,"resilience"
"4454",1,"resistance"
"4455",1,"resisted"
"4456",1,"resisting"
"4457",1,"resolute"
"4458",1,"resort"
"4459",1,"resounding"
"4460",1,"resource"
"4461",1,"respected"
"4462",1,"respecting"
"4463",1,"respective"
"4464",1,"respectively"
"4465",1,"respondents"
"4466",1,"restored"
"4467",1,"resumed"
"4468",1,"resumes"
"4469",1,"resuming"
"4470",1,"resurrected"
"4471",1,"resurrection"
"4472",1,"retain"
"4473",1,"retains"
"4474",1,"retaliate"
"4475",1,"retook"
"4476",1,"returnee"
"4477",1,"revenge"
"4478",1,"reverse"
"4479",1,"review"
"4480",1,"reviewed"
"4481",1,"revisit"
"4482",1,"revived"
"4483",1,"revolts"
"4484",1,"revolve"
"4485",1,"rhetorically"
"4486",1,"ribs"
"4487",1,"rid"
"4488",1,"riddled"
"4489",1,"rift"
"4490",1,"rightly"
"4491",1,"ripped"
"4492",1,"risen"
"4493",1,"rivalry"
"4494",1,"rivals"
"4495",1,"riyadh"
"4496",1,"road"
"4497",1,"rob"
"4498",1,"roberto"
"4499",1,"roles"
"4500",1,"ronald"
"4501",1,"ronen"
"4502",1,"rooms"
"4503",1,"roost"
"4504",1,"rosalind"
"4505",1,"roshanian"
"4506",1,"rotterdam"
"4507",1,"rouhani"
"4508",1,"roundly"
"4509",1,"route"
"4510",1,"ruffalo"
"4511",1,"rufi"
"4512",1,"ruined"
"4513",1,"ruler"
"4514",1,"rulers"
"4515",1,"runoff"
"4516",1,"ruttig"
"4517",1,"sack"
"4518",1,"saeed"
"4519",1,"saleh"
"4520",1,"salient"
"4521",1,"salih"
"4522",1,"salvation"
"4523",1,"samikh"
"4524",1,"sanitary"
"4525",1,"sanity"
"4526",1,"sapping"
"4527",1,"saqr"
"4528",1,"sarajevo"
"4529",1,"sarkozy"
"4530",1,"sat"
"4531",1,"scapegoat"
"4532",1,"scene"
"4533",1,"sceptical"
"4534",1,"scepticism"
"4535",1,"science"
"4536",1,"scraping"
"4537",1,"scuttle"
"4538",1,"seal"
"4539",1,"secessionists"
"4540",1,"sectarianism"
"4541",1,"sections"
"4542",1,"secularist"
"4543",1,"secures"
"4544",1,"securing"
"4545",1,"segments"
"4546",1,"seize"
"4547",1,"select"
"4548",1,"selective"
"4549",1,"sell"
"4550",1,"semi"
"4551",1,"senses"
"4552",1,"sentencing"
"4553",1,"sentiments"
"4554",1,"seong"
"4555",1,"sergey"
"4556",1,"series"
"4557",1,"serves"
"4558",1,"service"
"4559",1,"servicemen"
"4560",1,"sessions"
"4561",1,"settlements"
"4562",1,"seventeen"
"4563",1,"sewage"
"4564",1,"sexual"
"4565",1,"shaaban"
"4566",1,"shaabi"
"4567",1,"shamed"
"4568",1,"shameful"
"4569",1,"shaped"
"4570",1,"share"
"4571",1,"shareholder"
"4572",1,"sharia"
"4573",1,"sharper"
"4574",1,"shash"
"4575",1,"shayrat"
"4576",1,"shells"
"4577",1,"shelter"
"4578",1,"sher"
"4579",1,"shi"
"4580",1,"shifaniyah"
"4581",1,"shifts"
"4582",1,"shihan"
"4583",1,"shock"
"4584",1,"shoot"
"4585",1,"shooter"
"4586",1,"shootout"
"4587",1,"shootouts"
"4588",1,"shortages"
"4589",1,"shortly"
"4590",1,"shouldn"
"4591",1,"showcased"
"4592",1,"showdown"
"4593",1,"showered"
"4594",1,"shuttering"
"4595",1,"sided"
"4596",1,"sidelined"
"4597",1,"sidelines"
"4598",1,"signals"
"4599",1,"simmering"
"4600",1,"simone"
"4601",1,"simple"
"4602",1,"simplifications"
"4603",1,"simultaneously"
"4604",1,"sina"
"4605",1,"sinasi"
"4606",1,"sirens"
"4607",1,"sister"
"4608",1,"sits"
"4609",1,"sitting"
"4610",1,"sixteen"
"4611",1,"slammed"
"4612",1,"slams"
"4613",1,"slapping"
"4614",1,"slaving"
"4615",1,"sleep"
"4616",1,"sliced"
"4617",1,"slogans"
"4618",1,"slow"
"4619",1,"slowly"
"4620",1,"slowness"
"4621",1,"slows"
"4622",1,"sluggish"
"4623",1,"smaikh"
"4624",1,"smile"
"4625",1,"smithsonian"
"4626",1,"smoke"
"4627",1,"soccer"
"4628",1,"socialism"
"4629",1,"socio"
"4630",1,"socioeconomic"
"4631",1,"soften"
"4632",1,"sol"
"4633",1,"sole"
"4634",1,"solidarite"
"4635",1,"solutions"
"4636",1,"solve"
"4637",1,"somehow"
"4638",1,"sons"
"4639",1,"soqour"
"4640",1,"sorted"
"4641",1,"sounds"
"4642",1,"sousse"
"4643",1,"southeast"
"4644",1,"southeastern"
"4645",1,"southwestern"
"4646",1,"soviet"
"4647",1,"spate"
"4648",1,"speaker"
"4649",1,"speakers"
"4650",1,"specialises"
"4651",1,"spheres"
"4652",1,"spiralled"
"4653",1,"spite"
"4654",1,"splitting"
"4655",1,"sporadic"
"4656",1,"sports"
"4657",1,"spotlight"
"4658",1,"spread"
"4659",1,"squarely"
"4660",1,"squares"
"4661",1,"squatted"
"4662",1,"stable"
"4663",1,"stained"
"4664",1,"stakes"
"4665",1,"stalled"
"4666",1,"stampa"
"4667",1,"stark"
"4668",1,"starvation"
"4669",1,"statesmen"
"4670",1,"stating"
"4671",1,"statistical"
"4672",1,"statistics"
"4673",1,"stave"
"4674",1,"stayed"
"4675",1,"staying"
"4676",1,"steadily"
"4677",1,"steeling"
"4678",1,"steer"
"4679",1,"stemming"
"4680",1,"stems"
"4681",1,"stepped"
"4682",1,"stick"
"4683",1,"stirred"
"4684",1,"stomach"
"4685",1,"stood"
"4686",1,"storages"
"4687",1,"stormed"
"4688",1,"stranded"
"4689",1,"stream"
"4690",1,"street"
"4691",1,"strength"
"4692",1,"stretch"
"4693",1,"strewn"
"4694",1,"strict"
"4695",1,"striking"
"4696",1,"strip"
"4697",1,"stripped"
"4698",1,"struck"
"4699",1,"struggles"
"4700",1,"stuck"
"4701",1,"study"
"4702",1,"studying"
"4703",1,"stunt"
"4704",1,"subjecting"
"4705",1,"subjugation"
"4706",1,"subsequent"
"4707",1,"subvert"
"4708",1,"subverting"
"4709",1,"succeed"
"4710",1,"succeedds"
"4711",1,"succor"
"4712",1,"suffer"
"4713",1,"sufficient"
"4714",1,"sufi"
"4715",1,"suggested"
"4716",1,"suggesting"
"4717",1,"sukhoi"
"4718",1,"summary"
"4719",1,"superior"
"4720",1,"superiority"
"4721",1,"supermarket"
"4722",1,"supervision"
"4723",1,"supports"
"4724",1,"supremacists"
"4725",1,"supreme"
"4726",1,"surely"
"4727",1,"surgery"
"4728",1,"surprise"
"4729",1,"surprising"
"4730",1,"surrendered"
"4731",1,"surrendering"
"4732",1,"survey"
"4733",1,"surveys"
"4734",1,"survival"
"4735",1,"survivors"
"4736",1,"suspects"
"4737",1,"suspend"
"4738",1,"suspended"
"4739",1,"suspicion"
"4740",1,"sussex"
"4741",1,"sustainable"
"4742",1,"sustained"
"4743",1,"suwayda"
"4744",1,"swath"
"4745",1,"sweep"
"4746",1,"sycophants"
"4747",1,"syriaâ"
"4748",1,"syromolotov"
"4749",1,"systematically"
"4750",1,"systems"
"4751",1,"tactical"
"4752",1,"tadamichi"
"4753",1,"taint"
"4754",1,"takeover"
"4755",1,"talked"
"4756",1,"tamimi"
"4757",1,"tape"
"4758",1,"tass"
"4759",1,"taught"
"4760",1,"tawahi"
"4761",1,"tax"
"4762",1,"taxpayers"
"4763",1,"teach"
"4764",1,"teaches"
"4765",1,"teaching"
"4766",1,"tears"
"4767",1,"technique"
"4768",1,"teen"
"4769",1,"teenager"
"4770",1,"tel"
"4771",1,"telephone"
"4772",1,"temporarily"
"4773",1,"tempting"
"4774",1,"tenants"
"4775",1,"tend"
"4776",1,"tendency"
"4777",1,"tense"
"4778",1,"tenser"
"4779",1,"territories"
"4780",1,"test"
"4781",1,"tested"
"4782",1,"tev"
"4783",1,"textile"
"4784",1,"thank"
"4785",1,"thankful"
"4786",1,"theatre"
"4787",1,"theoretically"
"4788",1,"theories"
"4789",1,"theorists"
"4790",1,"thet"
"4791",1,"things"
"4792",1,"thinker"
"4793",1,"thinkers"
"4794",1,"thinking"
"4795",1,"thomas"
"4796",1,"thorny"
"4797",1,"threats"
"4798",1,"threw"
"4799",1,"thrice"
"4800",1,"throw"
"4801",1,"throwing"
"4802",1,"throws"
"4803",1,"thwart"
"4804",1,"thwarted"
"4805",1,"ticket"
"4806",1,"tightened"
"4807",1,"tillersoncalled"
"4808",1,"tilted"
"4809",1,"timeline"
"4810",1,"timothy"
"4811",1,"tiny"
"4812",1,"tip"
"4813",1,"tired"
"4814",1,"toe"
"4815",1,"toiled"
"4816",1,"tolonews"
"4817",1,"tomorrow"
"4818",1,"tone"
"4819",1,"tools"
"4820",1,"totalitarian"
"4821",1,"totally"
"4822",1,"touch"
"4823",1,"touched"
"4824",1,"tough"
"4825",1,"tracks"
"4826",1,"traded"
"4827",1,"tradition"
"4828",1,"traditionally"
"4829",1,"tranquillity"
"4830",1,"transform"
"4831",1,"trap"
"4832",1,"trapped"
"4833",1,"trappings"
"4834",1,"travel"
"4835",1,"travelling"
"4836",1,"tribes"
"4837",1,"triggered"
"4838",1,"troop"
"4839",1,"troublesome"
"4840",1,"truck"
"4841",1,"truly"
"4842",1,"trumpian"
"4843",1,"trundles"
"4844",1,"trust"
"4845",1,"tugli"
"4846",1,"tune"
"4847",1,"turbulent"
"4848",1,"turk"
"4849",1,"turkic"
"4850",1,"tweet"
"4851",1,"tweets"
"4852",1,"twist"
"4853",1,"ultimatum"
"4854",1,"umut"
"4855",1,"unacceptable"
"4856",1,"unaddressed"
"4857",1,"unambiguously"
"4858",1,"unaware"
"4859",1,"unbearable"
"4860",1,"uncertain"
"4861",1,"uncle"
"4862",1,"uncomfortable"
"4863",1,"unconditionally"
"4864",1,"unconscionable"
"4865",1,"uncovered"
"4866",1,"undergo"
"4867",1,"underlining"
"4868",1,"underlying"
"4869",1,"undersigned"
"4870",1,"understandings"
"4871",1,"undivided"
"4872",1,"undocumented"
"4873",1,"uneasy"
"4874",1,"unemployment"
"4875",1,"unequivocally"
"4876",1,"unexploded"
"4877",1,"unfolding"
"4878",1,"unidentified"
"4879",1,"unified"
"4880",1,"uninhabitable"
"4881",1,"unique"
"4882",1,"unite"
"4883",1,"uniting"
"4884",1,"universal"
"4885",1,"universities"
"4886",1,"unlawful"
"4887",1,"unless"
"4888",1,"unlike"
"4889",1,"unmarked"
"4890",1,"unmatched"
"4891",1,"unnamed"
"4892",1,"unnecessary"
"4893",1,"unpopular"
"4894",1,"unprovoked"
"4895",1,"unregistered"
"4896",1,"unsmiling"
"4897",1,"unsurprising"
"4898",1,"unveiled"
"4899",1,"unwanted"
"4900",1,"unwillingness"
"4901",1,"updated"
"4902",1,"uphold"
"4903",1,"upper"
"4904",1,"urban"
"4905",1,"urges"
"4906",1,"useful"
"4907",1,"useless"
"4908",1,"usembassymne"
"4909",1,"uses"
"4910",1,"utilised"
"4911",1,"uttered"
"4912",1,"uzbek"
"4913",1,"vague"
"4914",1,"valery"
"4915",1,"valuable"
"4916",1,"values"
"4917",1,"vanquish"
"4918",1,"vary"
"4919",1,"vassily"
"4920",1,"vehemently"
"4921",1,"veiled"
"4922",1,"veils"
"4923",1,"venezuela"
"4924",1,"ventured"
"4925",1,"ventures"
"4926",1,"verify"
"4927",1,"viable"
"4928",1,"viciously"
"4929",1,"victimise"
"4930",1,"victimised"
"4931",1,"victories"
"4932",1,"vienna"
"4933",1,"vietnam"
"4934",1,"vilified"
"4935",1,"vilify"
"4936",1,"vilifying"
"4937",1,"viral"
"4938",1,"visitors"
"4939",1,"vocal"
"4940",1,"void"
"4941",1,"volunteers"
"4942",1,"voted"
"4943",1,"voting"
"4944",1,"wael"
"4945",1,"wahida"
"4946",1,"wait"
"4947",1,"wali"
"4948",1,"walking"
"4949",1,"waning"
"4950",1,"warn"
"4951",1,"warnings"
"4952",1,"wasn"
"4953",1,"watches"
"4954",1,"watching"
"4955",1,"water"
"4956",1,"weakness"
"4957",1,"wear"
"4958",1,"web"
"4959",1,"website"
"4960",1,"wedded"
"4961",1,"wedges"
"4962",1,"weekly"
"4963",1,"weekâ"
"4964",1,"weeping"
"4965",1,"westerners"
"4966",1,"wheeling"
"4967",1,"wherever"
"4968",1,"whoever"
"4969",1,"widest"
"4970",1,"wilayat"
"4971",1,"willingly"
"4972",1,"win"
"4973",1,"winning"
"4974",1,"wishful"
"4975",1,"withdraw"
"4976",1,"withdrawal"
"4977",1,"withhold"
"4978",1,"wizard"
"4979",1,"won"
"4980",1,"wonder"
"4981",1,"word"
"4982",1,"worker"
"4983",1,"works"
"4984",1,"worldwide"
"4985",1,"worn"
"4986",1,"worrisome"
"4987",1,"wound"
"4988",1,"yakla"
"4989",1,"yasin"
"4990",1,"yegin"
"4991",1,"yes"
"4992",1,"yesterday"
"4993",1,"youth"
"4994",1,"youths"
"4995",1,"zabul"
"4996",1,"zeina"
"4997",1,"zia"
"4998",1,"zinni"
"4999",1,"zionist"
